Repeat,Strain,Censored,Time
A,daf-2(e1368),1,10.370289
B,daf-2(e1368),1,10.664641
A,daf-2(e1368),1,10.953623
B,daf-2(e1368),1,11.011678
A,daf-2(e1368),1,11.074178
B,daf-2(e1368),1,11.261678
A,daf-2(e1368),1,11.768808
B,daf-2(e1368),1,12.095012
A,daf-2(e1368),1,12.349456
B,daf-2(e1368),1,12.518808
A,daf-2(e1368),1,12.595012
B,daf-2(e1368),1,12.870289
A,daf-2(e1368),1,13.016123
B,daf-2(e1368),1,13.016123
A,daf-2(e1368),1,13.261678
B,daf-2(e1368),1,13.349456
A,daf-2(e1368),1,13.641123
B,daf-2(e1368),1,14.261678
A,daf-2(e1368),1,14.435475
B,daf-2(e1368),1,14.595012
A,daf-2(e1368),1,14.682789
B,daf-2(e1368),1,15.19912
A,daf-2(e1368),1,15.224456
B,daf-2(e1368),1,15.581308
A,daf-2(e1368),1,16.219954
B,daf-2(e1368),1,16.553287
A,daf-2(e1368),1,16.678345
B,daf-2(e1368),1,16.69912
A,daf-2(e1368),1,16.953623
B,daf-2(e1368),1,17.011678
A,daf-2(e1368),1,17.115845
B,daf-2(e1368),1,17.182789
A,daf-2(e1368),1,17.414641
B,daf-2(e1368),1,17.706308
A,daf-2(e1368),1,17.932789
B,daf-2(e1368),1,18.13662
A,daf-2(e1368),1,18.286956
B,daf-2(e1368),1,18.349456
A,daf-2(e1368),1,18.557789
B,daf-2(e1368),1,18.595012
A,daf-2(e1368),1,19.011678
B,daf-2(e1368),1,19.286956
A,daf-2(e1368),1,19.581308
B,daf-2(e1368),1,19.678345
A,daf-2(e1368),1,19.865787
B,daf-2(e1368),1,19.949178
A,daf-2(e1368),1,20.039641
B,daf-2(e1368),1,20.122975
A,daf-2(e1368),1,20.185475
B,daf-2(e1368),1,20.206308
A,daf-2(e1368),1,20.349456
B,daf-2(e1368),1,20.831308
A,daf-2(e1368),1,20.865787
B,daf-2(e1368),1,20.990787
A,daf-2(e1368),1,21.094954
B,daf-2(e1368),1,21.141123
A,daf-2(e1368),1,21.407454
B,daf-2(e1368),1,21.428345
A,daf-2(e1368),1,21.532512
B,daf-2(e1368),1,21.719954
A,daf-2(e1368),1,22.07412
B,daf-2(e1368),1,22.199178
A,daf-2(e1368),1,22.247975
B,daf-2(e1368),1,22.32412
A,daf-2(e1368),1,22.349456
B,daf-2(e1368),1,22.372975
A,daf-2(e1368),1,22.518808
B,daf-2(e1368),1,22.581308
A,daf-2(e1368),1,22.63662
B,daf-2(e1368),1,23.032454
A,daf-2(e1368),1,23.407454
B,daf-2(e1368),1,23.490787
A,daf-2(e1368),1,23.831308
B,daf-2(e1368),1,23.935475
A,daf-2(e1368),1,24.016123
B,daf-2(e1368),1,24.219954
A,daf-2(e1368),1,24.26162
B,daf-2(e1368),1,24.349456
A,daf-2(e1368),1,24.407454
B,daf-2(e1368),1,24.553287
A,daf-2(e1368),1,24.615787
B,daf-2(e1368),1,24.678287
A,daf-2(e1368),1,24.685475
B,daf-2(e1368),1,24.719954
A,daf-2(e1368),1,24.747975
B,daf-2(e1368),1,24.969954
A,daf-2(e1368),1,25.016123
B,daf-2(e1368),1,25.081308
A,daf-2(e1368),1,25.557789
B,daf-2(e1368),1,25.872975
A,daf-2(e1368),1,25.932789
B,daf-2(e1368),1,26.018808
A,daf-2(e1368),1,26.240845
B,daf-2(e1368),1,26.490787
A,daf-2(e1368),1,26.539641
B,daf-2(e1368),1,26.678287
A,daf-2(e1368),1,27.011678
B,daf-2(e1368),1,27.219954
A,daf-2(e1368),1,27.282454
B,daf-2(e1368),1,27.370289
A,daf-2(e1368),1,27.38662
B,daf-2(e1368),1,27.678345
A,daf-2(e1368),1,27.928287
B,daf-2(e1368),1,28.057789
A,daf-2(e1368),1,28.432789
B,daf-2(e1368),1,28.516123
A,daf-2(e1368),1,28.516123
B,daf-2(e1368),1,28.678345
A,daf-2(e1368),1,28.76162
B,daf-2(e1368),1,28.870289
A,daf-2(e1368),1,28.928287
B,daf-2(e1368),1,28.969954
A,daf-2(e1368),1,29.164641
B,daf-2(e1368),1,29.178345
A,daf-2(e1368),1,29.178345
B,daf-2(e1368),1,29.349456
A,daf-2(e1368),1,29.428287
B,daf-2(e1368),1,29.63662
A,daf-2(e1368),1,29.766123
B,daf-2(e1368),1,29.88662
A,daf-2(e1368),1,29.969954
B,daf-2(e1368),1,30.344954
A,daf-2(e1368),1,30.345012
B,daf-2(e1368),1,30.456308
A,daf-2(e1368),1,30.51162
B,daf-2(e1368),1,30.641123
A,daf-2(e1368),1,30.969954
B,daf-2(e1368),1,31.032512
A,daf-2(e1368),1,31.053287
B,daf-2(e1368),1,31.331308
A,daf-2(e1368),1,31.365845
B,daf-2(e1368),1,31.370289
A,daf-2(e1368),1,31.428345
B,daf-2(e1368),1,31.469954
A,daf-2(e1368),1,31.490787
B,daf-2(e1368),1,31.595012
A,daf-2(e1368),1,31.620289
B,daf-2(e1368),1,31.682789
A,daf-2(e1368),1,31.82412
B,daf-2(e1368),1,31.844954
A,daf-2(e1368),1,31.891123
B,daf-2(e1368),1,31.928287
A,daf-2(e1368),1,31.956308
B,daf-2(e1368),1,32.081308
A,daf-2(e1368),1,32.095012
B,daf-2(e1368),1,32.164641
A,daf-2(e1368),1,32.206308
B,daf-2(e1368),1,32.349456
A,daf-2(e1368),1,32.449178
B,daf-2(e1368),1,32.532454
A,daf-2(e1368),1,32.57412
B,daf-2(e1368),1,32.699178
A,daf-2(e1368),1,32.703623
B,daf-2(e1368),1,32.82412
A,daf-2(e1368),1,32.844954
B,daf-2(e1368),1,32.914641
A,daf-2(e1368),1,33.01162
B,daf-2(e1368),1,33.011678
A,daf-2(e1368),1,33.157454
B,daf-2(e1368),1,33.164641
A,daf-2(e1368),1,33.19912
B,daf-2(e1368),1,33.240787
A,daf-2(e1368),1,33.240787
B,daf-2(e1368),1,33.26162
A,daf-2(e1368),1,33.286956
B,daf-2(e1368),1,33.407512
A,daf-2(e1368),1,33.428287
B,daf-2(e1368),1,33.432789
A,daf-2(e1368),1,33.44912
B,daf-2(e1368),1,33.456308
A,daf-2(e1368),1,33.474456
B,daf-2(e1368),1,33.511678
A,daf-2(e1368),1,33.532454
B,daf-2(e1368),1,33.532454
A,daf-2(e1368),1,33.539641
B,daf-2(e1368),1,33.574178
A,daf-2(e1368),1,33.602141
B,daf-2(e1368),1,33.699178
A,daf-2(e1368),1,33.747975
B,daf-2(e1368),1,33.76162
A,daf-2(e1368),1,33.782512
B,daf-2(e1368),1,33.844954
A,daf-2(e1368),1,33.845012
B,daf-2(e1368),1,33.907454
A,daf-2(e1368),1,34.07412
B,daf-2(e1368),1,34.219954
A,daf-2(e1368),1,34.224456
B,daf-2(e1368),1,34.266123
A,daf-2(e1368),1,34.303287
B,daf-2(e1368),1,34.38662
A,daf-2(e1368),1,34.414641
B,daf-2(e1368),1,34.497975
A,daf-2(e1368),1,34.557789
B,daf-2(e1368),1,34.615787
A,daf-2(e1368),1,34.678345
B,daf-2(e1368),1,34.706308
A,daf-2(e1368),1,34.740787
B,daf-2(e1368),1,34.747975
A,daf-2(e1368),1,34.76162
B,daf-2(e1368),1,34.831308
A,daf-2(e1368),1,34.844954
B,daf-2(e1368),1,34.928345
A,daf-2(e1368),1,35.016123
B,daf-2(e1368),1,35.018808
A,daf-2(e1368),1,35.081308
B,daf-2(e1368),1,35.115787
A,daf-2(e1368),1,35.178287
B,daf-2(e1368),1,35.178345
A,daf-2(e1368),1,35.240787
B,daf-2(e1368),1,35.247975
A,daf-2(e1368),1,35.282512
B,daf-2(e1368),1,35.44912
A,daf-2(e1368),1,35.518808
B,daf-2(e1368),1,35.532512
A,daf-2(e1368),1,35.536956
B,daf-2(e1368),1,35.539641
A,daf-2(e1368),1,35.595012
B,daf-2(e1368),1,35.595012
A,daf-2(e1368),1,35.615787
B,daf-2(e1368),1,35.69912
A,daf-2(e1368),1,35.69912
B,daf-2(e1368),1,35.803287
A,daf-2(e1368),1,35.845012
B,daf-2(e1368),1,35.907454
A,daf-2(e1368),1,35.907454
B,daf-2(e1368),1,35.907512
A,daf-2(e1368),1,35.928345
B,daf-2(e1368),1,35.997975
A,daf-2(e1368),1,36.032512
B,daf-2(e1368),1,36.057789
A,daf-2(e1368),1,36.07412
B,daf-2(e1368),1,36.095012
A,daf-2(e1368),1,36.102141
B,daf-2(e1368),1,36.164641
A,daf-2(e1368),1,36.19912
B,daf-2(e1368),1,36.219954
A,daf-2(e1368),1,36.266123
B,daf-2(e1368),1,36.324178
A,daf-2(e1368),1,36.414641
B,daf-2(e1368),1,36.511678
A,daf-2(e1368),1,36.641123
B,daf-2(e1368),1,36.657512
A,daf-2(e1368),1,36.664641
B,daf-2(e1368),1,36.703623
A,daf-2(e1368),1,36.706308
B,daf-2(e1368),1,36.747975
A,daf-2(e1368),1,36.747975
B,daf-2(e1368),1,36.747975
A,daf-2(e1368),1,36.761678
B,daf-2(e1368),1,36.761678
A,daf-2(e1368),1,36.766123
B,daf-2(e1368),1,36.766123
A,daf-2(e1368),1,36.786956
B,daf-2(e1368),1,36.803287
A,daf-2(e1368),1,36.844954
B,daf-2(e1368),1,36.844954
A,daf-2(e1368),1,36.865787
B,daf-2(e1368),1,36.870289
A,daf-2(e1368),1,36.88662
B,daf-2(e1368),1,36.928287
A,daf-2(e1368),1,36.928345
B,daf-2(e1368),1,36.935475
A,daf-2(e1368),1,37.365787
B,daf-2(e1368),1,37.38662
A,daf-2(e1368),1,37.38662
B,daf-2(e1368),1,37.391123
A,daf-2(e1368),1,38.206308
B,daf-2(e1368),1,38.240787
A,daf-2(e1368),1,38.247975
B,daf-2(e1368),1,38.26162
A,daf-2(e1368),1,38.331308
B,daf-2(e1368),1,38.331308
A,daf-2(e1368),1,38.344954
B,daf-2(e1368),1,38.428345
A,daf-2(e1368),1,38.516123
B,daf-2(e1368),1,38.518808
A,daf-2(e1368),1,38.553287
B,daf-2(e1368),1,38.553287
A,daf-2(e1368),1,38.581308
B,daf-2(e1368),1,38.615787
A,daf-2(e1368),1,38.678287
B,daf-2(e1368),1,38.678345
A,daf-2(e1368),1,38.740787
B,daf-2(e1368),1,38.747975
A,daf-2(e1368),1,38.782512
B,daf-2(e1368),1,38.94912
A,daf-2(e1368),1,39.018808
B,daf-2(e1368),1,39.032512
A,daf-2(e1368),1,39.036956
B,daf-2(e1368),1,39.039641
A,daf-2(e1368),1,39.095012
B,daf-2(e1368),1,39.095012
A,daf-2(e1368),1,39.115787
B,daf-2(e1368),1,39.19912
A,daf-2(e1368),1,39.19912
B,daf-2(e1368),1,39.303287
A,daf-2(e1368),1,39.345012
B,daf-2(e1368),1,39.407454
A,daf-2(e1368),1,39.407454
B,daf-2(e1368),1,39.407512
A,daf-2(e1368),1,39.428345
B,daf-2(e1368),1,39.432789
A,daf-2(e1368),1,39.432789
B,daf-2(e1368),1,39.497975
A,daf-2(e1368),1,39.497975
B,daf-2(e1368),1,39.51162
A,daf-2(e1368),1,39.532512
B,daf-2(e1368),1,39.664641
A,daf-2(e1368),1,39.664641
B,daf-2(e1368),1,39.664641
A,daf-2(e1368),1,39.664641
B,daf-2(e1368),1,39.664641
A,daf-2(e1368),1,39.664641
B,daf-2(e1368),1,39.664641
A,daf-2(e1368),1,39.664641
B,daf-2(e1368),1,39.678287
A,daf-2(e1368),1,39.678287
B,daf-2(e1368),1,39.678287
A,daf-2(e1368),1,39.678287
B,daf-2(e1368),1,39.678345
A,daf-2(e1368),1,39.678345
B,daf-2(e1368),1,39.682789
A,daf-2(e1368),1,39.682789
B,daf-2(e1368),1,39.682789
A,daf-2(e1368),1,39.685475
B,daf-2(e1368),1,39.747975
A,daf-2(e1368),1,39.766123
B,daf-2(e1368),1,39.782454
A,daf-2(e1368),1,39.782454
B,daf-2(e1368),1,39.782512
A,daf-2(e1368),1,39.782512
B,daf-2(e1368),1,39.786956
A,daf-2(e1368),1,39.786956
B,daf-2(e1368),1,39.786956
A,daf-2(e1368),1,39.789641
B,daf-2(e1368),1,39.789641
A,daf-2(e1368),1,39.803287
B,daf-2(e1368),1,39.807789
A,daf-2(e1368),1,39.865787
B,daf-2(e1368),1,39.865845
A,daf-2(e1368),1,39.88662
B,daf-2(e1368),1,39.88662
A,daf-2(e1368),1,39.891123
B,daf-2(e1368),1,39.891123
A,daf-2(e1368),1,39.935475
B,daf-2(e1368),1,39.949178
A,daf-2(e1368),1,39.956308
B,daf-2(e1368),1,39.956308
A,daf-2(e1368),1,40.01162
B,daf-2(e1368),1,40.011678
A,daf-2(e1368),1,40.016123
B,daf-2(e1368),1,40.016123
A,daf-2(e1368),1,40.018808
B,daf-2(e1368),1,40.039641
A,daf-2(e1368),1,40.057789
B,daf-2(e1368),1,40.081308
A,daf-2(e1368),1,40.081308
B,daf-2(e1368),1,40.081308
A,daf-2(e1368),1,40.081308
B,daf-2(e1368),1,40.095012
A,daf-2(e1368),1,40.102141
B,daf-2(e1368),1,40.102141
A,daf-2(e1368),1,40.122975
B,daf-2(e1368),1,40.141123
A,daf-2(e1368),1,40.157454
B,daf-2(e1368),1,40.203623
A,daf-2(e1368),1,40.203623
B,daf-2(e1368),1,40.206308
A,daf-2(e1368),1,40.240787
B,daf-2(e1368),1,40.247975
A,daf-2(e1368),1,40.261678
B,daf-2(e1368),1,40.268808
A,daf-2(e1368),1,40.268808
B,daf-2(e1368),1,40.282454
A,daf-2(e1368),1,40.38662
B,daf-2(e1368),1,40.497975
A,daf-2(e1368),1,40.557789
B,daf-2(e1368),1,40.595012
A,daf-2(e1368),1,40.615845
B,daf-2(e1368),1,40.615845
A,daf-2(e1368),1,40.620289
B,daf-2(e1368),1,40.63662
A,daf-2(e1368),1,40.678287
B,daf-2(e1368),1,40.719954
A,daf-2(e1368),1,40.740787
B,daf-2(e1368),1,40.740787
A,daf-2(e1368),1,40.76162
B,daf-2(e1368),1,40.761678
A,daf-2(e1368),1,40.761678
B,daf-2(e1368),1,40.766123
A,daf-2(e1368),1,40.786956
B,daf-2(e1368),1,40.789641
A,daf-2(e1368),1,40.865845
B,daf-2(e1368),1,40.870289
A,daf-2(e1368),1,40.935475
B,daf-2(e1368),1,40.935475
A,daf-2(e1368),1,40.949178
B,daf-2(e1368),1,40.990787
A,daf-2(e1368),1,41.011678
B,daf-2(e1368),1,41.018808
A,daf-2(e1368),1,41.032454
B,daf-2(e1368),1,41.032512
A,daf-2(e1368),1,41.036956
B,daf-2(e1368),1,41.039641
A,daf-2(e1368),1,41.099456
B,daf-2(e1368),1,41.102141
A,daf-2(e1368),1,41.115787
B,daf-2(e1368),1,41.115845
A,daf-2(e1368),1,41.115845
B,daf-2(e1368),1,41.120289
A,daf-2(e1368),1,41.122975
B,daf-2(e1368),1,41.13662
A,daf-2(e1368),1,41.164641
B,daf-2(e1368),1,41.178345
A,daf-2(e1368),1,41.178345
B,daf-2(e1368),1,41.178345
A,daf-2(e1368),1,41.178345
B,daf-2(e1368),1,41.178345
A,daf-2(e1368),1,41.182789
B,daf-2(e1368),1,41.19912
A,daf-2(e1368),1,41.26162
B,daf-2(e1368),1,41.261678
A,daf-2(e1368),1,41.286956
B,daf-2(e1368),1,41.331308
A,daf-2(e1368),1,41.331308
B,daf-2(e1368),1,41.352141
A,daf-2(e1368),1,41.370289
B,daf-2(e1368),1,41.435475
A,daf-2(e1368),1,41.456308
B,daf-2(e1368),1,41.511678
A,daf-2(e1368),1,41.518808
B,daf-2(e1368),1,41.532512
A,daf-2(e1368),1,41.539641
B,daf-2(e1368),1,41.553287
A,daf-2(e1368),1,41.657454
B,daf-2(e1368),1,41.664641
A,daf-2(e1368),1,41.678345
B,daf-2(e1368),1,41.678345
A,daf-2(e1368),1,41.682789
B,daf-2(e1368),1,41.685475
A,daf-2(e1368),1,41.703623
B,daf-2(e1368),1,41.747975
A,daf-2(e1368),1,41.786956
B,daf-2(e1368),1,41.786956
A,daf-2(e1368),1,41.803287
B,daf-2(e1368),1,41.865787
A,daf-2(e1368),1,41.870289
B,daf-2(e1368),1,41.935475
A,daf-2(e1368),1,41.935475
B,daf-2(e1368),1,41.94912
A,daf-2(e1368),1,41.969954
B,daf-2(e1368),1,41.974456
A,daf-2(e1368),1,41.997975
B,daf-2(e1368),1,42.081308
A,daf-2(e1368),1,42.115787
B,daf-2(e1368),1,42.122975
A,daf-2(e1368),1,42.182789
B,daf-2(e1368),1,42.182789
A,daf-2(e1368),1,42.182789
B,daf-2(e1368),1,42.224456
A,daf-2(e1368),1,42.365787
B,daf-2(e1368),1,42.432789
A,daf-2(e1368),1,42.453623
B,daf-2(e1368),1,42.497975
A,daf-2(e1368),1,42.536956
B,daf-2(e1368),1,42.557789
A,daf-2(e1368),1,42.581308
B,daf-2(e1368),1,42.594954
A,daf-2(e1368),1,42.599456
B,daf-2(e1368),1,42.602141
A,daf-2(e1368),1,42.678345
B,daf-2(e1368),1,42.740787
A,daf-2(e1368),1,42.747975
B,daf-2(e1368),1,42.766123
A,daf-2(e1368),1,42.789641
B,daf-2(e1368),1,42.803287
A,daf-2(e1368),1,42.807789
B,daf-2(e1368),1,42.831308
A,daf-2(e1368),1,42.831308
B,daf-2(e1368),1,42.831308
A,daf-2(e1368),1,42.845012
B,daf-2(e1368),1,42.845012
A,daf-2(e1368),1,42.845012
B,daf-2(e1368),1,42.849456
A,daf-2(e1368),1,42.852141
B,daf-2(e1368),1,42.907454
A,daf-2(e1368),1,42.932789
B,daf-2(e1368),1,42.956308
A,daf-2(e1368),1,42.990845
B,daf-2(e1368),1,42.990845
A,daf-2(e1368),1,42.990845
B,daf-2(e1368),1,42.990845
A,daf-2(e1368),1,42.990845
B,daf-2(e1368),1,42.990845
A,daf-2(e1368),1,43.011678
B,daf-2(e1368),1,43.016123
A,daf-2(e1368),1,43.016123
B,daf-2(e1368),1,43.057789
A,daf-2(e1368),1,43.095012
B,daf-2(e1368),1,43.115787
A,daf-2(e1368),1,43.115787
B,daf-2(e1368),1,43.122975
A,daf-2(e1368),1,43.122975
B,daf-2(e1368),1,43.182789
A,daf-2(e1368),1,43.19912
B,daf-2(e1368),1,43.199178
A,daf-2(e1368),1,43.206308
B,daf-2(e1368),1,43.261678
A,daf-2(e1368),1,43.32412
B,daf-2(e1368),1,43.365845
A,daf-2(e1368),1,43.365845
B,daf-2(e1368),1,43.370289
A,daf-2(e1368),1,43.370289
B,daf-2(e1368),1,43.407454
A,daf-2(e1368),1,43.407512
B,daf-2(e1368),1,43.44912
A,daf-2(e1368),1,43.449178
B,daf-2(e1368),1,43.453623
A,daf-2(e1368),1,43.453623
B,daf-2(e1368),1,43.574178
A,daf-2(e1368),1,43.581308
B,daf-2(e1368),1,43.602141
A,daf-2(e1368),1,43.615787
B,daf-2(e1368),1,43.620289
A,daf-2(e1368),1,43.641123
B,daf-2(e1368),1,43.740845
A,daf-2(e1368),1,43.766123
B,daf-2(e1368),1,43.766123
A,daf-2(e1368),1,43.786956
B,daf-2(e1368),1,43.845012
A,daf-2(e1368),1,43.870289
B,daf-2(e1368),1,43.88662
A,daf-2(e1368),1,43.94912
B,daf-2(e1368),1,44.016123
A,daf-2(e1368),1,44.081308
B,daf-2(e1368),1,44.13662
A,daf-2(e1368),1,44.13662
B,daf-2(e1368),1,44.164641
A,daf-2(e1368),1,44.182789
B,daf-2(e1368),1,44.240787
A,daf-2(e1368),1,44.286956
B,daf-2(e1368),1,44.286956
A,daf-2(e1368),1,44.324178
B,daf-2(e1368),1,44.349456
A,daf-2(e1368),1,44.497975
B,daf-2(e1368),1,44.51162
A,daf-2(e1368),1,44.532512
B,daf-2(e1368),1,44.532512
A,daf-2(e1368),1,44.63662
B,daf-2(e1368),1,44.63662
A,daf-2(e1368),1,44.682789
B,daf-2(e1368),1,44.69912
A,daf-2(e1368),1,44.699178
B,daf-2(e1368),1,44.870289
A,daf-2(e1368),1,44.94912
B,daf-2(e1368),1,45.016123
A,daf-2(e1368),1,45.018808
B,daf-2(e1368),1,45.032512
A,daf-2(e1368),1,45.039641
B,daf-2(e1368),1,45.099456
A,daf-2(e1368),1,45.13662
B,daf-2(e1368),1,45.13662
A,daf-2(e1368),1,45.182789
B,daf-2(e1368),1,45.352141
A,daf-2(e1368),1,45.365787
B,daf-2(e1368),1,45.365845
A,daf-2(e1368),1,45.365845
B,daf-2(e1368),1,45.370289
A,daf-2(e1368),1,45.407512
B,daf-2(e1368),1,45.432789
A,daf-2(e1368),1,45.474456
B,daf-2(e1368),1,45.497975
A,daf-2(e1368),1,45.532454
B,daf-2(e1368),1,45.532454
A,daf-2(e1368),1,45.532512
B,daf-2(e1368),1,45.536956
A,daf-2(e1368),1,45.57412
B,daf-2(e1368),1,45.574178
A,daf-2(e1368),1,45.574178
B,daf-2(e1368),1,45.615787
A,daf-2(e1368),1,45.620289
B,daf-2(e1368),1,45.664641
A,daf-2(e1368),1,45.706308
B,daf-2(e1368),1,45.766123
A,daf-2(e1368),1,45.852141
B,daf-2(e1368),1,45.88662
A,daf-2(e1368),1,45.891123
B,daf-2(e1368),1,45.914641
A,daf-2(e1368),1,45.914641
B,daf-2(e1368),1,45.932789
A,daf-2(e1368),1,45.969954
B,daf-2(e1368),1,45.997975
A,daf-2(e1368),1,45.997975
B,daf-2(e1368),1,46.01162
A,daf-2(e1368),1,46.011678
B,daf-2(e1368),1,46.081308
A,daf-2(e1368),1,46.081308
B,daf-2(e1368),1,46.094954
A,daf-2(e1368),1,46.102141
B,daf-2(e1368),1,46.182789
A,daf-2(e1368),1,46.182789
B,daf-2(e1368),1,46.282512
A,daf-2(e1368),1,46.331308
B,daf-2(e1368),1,46.344954
A,daf-2(e1368),1,46.428345
B,daf-2(e1368),1,46.497975
A,daf-2(e1368),1,46.497975
B,daf-2(e1368),1,46.518808
A,daf-2(e1368),1,46.657512
B,daf-2(e1368),1,46.678345
A,daf-2(e1368),1,46.682789
B,daf-2(e1368),1,46.682789
A,daf-2(e1368),1,46.706308
B,daf-2(e1368),1,46.766123
A,daf-2(e1368),1,46.786956
B,daf-2(e1368),1,46.845012
A,daf-2(e1368),1,46.914641
B,daf-2(e1368),1,46.953623
A,daf-2(e1368),1,46.990845
B,daf-2(e1368),1,47.016123
A,daf-2(e1368),1,47.032512
B,daf-2(e1368),1,47.099456
A,daf-2(e1368),1,47.178345
B,daf-2(e1368),1,47.182789
A,daf-2(e1368),1,47.185475
B,daf-2(e1368),1,47.219954
A,daf-2(e1368),1,47.224456
B,daf-2(e1368),1,47.282454
A,daf-2(e1368),1,47.282512
B,daf-2(e1368),1,47.345012
A,daf-2(e1368),1,47.372975
B,daf-2(e1368),1,47.511678
A,daf-2(e1368),1,47.518808
B,daf-2(e1368),1,47.532454
A,daf-2(e1368),1,47.539641
B,daf-2(e1368),1,47.595012
A,daf-2(e1368),1,47.685475
B,daf-2(e1368),1,47.747975
A,daf-2(e1368),1,47.782454
B,daf-2(e1368),1,47.789641
A,daf-2(e1368),1,47.845012
B,daf-2(e1368),1,47.872975
A,daf-2(e1368),1,47.928345
B,daf-2(e1368),1,47.935475
A,daf-2(e1368),1,48.01162
B,daf-2(e1368),1,48.081308
A,daf-2(e1368),1,48.094954
B,daf-2(e1368),1,48.099456
A,daf-2(e1368),1,48.099456
B,daf-2(e1368),1,48.141123
A,daf-2(e1368),1,48.219954
B,daf-2(e1368),1,48.219954
A,daf-2(e1368),1,48.26162
B,daf-2(e1368),1,48.266123
A,daf-2(e1368),1,48.372975
B,daf-2(e1368),1,48.428287
A,daf-2(e1368),1,48.432789
B,daf-2(e1368),1,48.474456
A,daf-2(e1368),1,48.474456
B,daf-2(e1368),1,48.553287
A,daf-2(e1368),1,48.553287
B,daf-2(e1368),1,48.747975
A,daf-2(e1368),1,48.766123
B,daf-2(e1368),1,48.789641
A,daf-2(e1368),1,48.870289
B,daf-2(e1368),1,48.907512
A,daf-2(e1368),1,48.935475
B,daf-2(e1368),1,48.997975
A,daf-2(e1368),1,49.011678
B,daf-2(e1368),1,49.032512
A,daf-2(e1368),1,49.120289
B,daf-2(e1368),1,49.178287
A,daf-2(e1368),1,49.247975
B,daf-2(e1368),1,49.261678
A,daf-2(e1368),1,49.282454
B,daf-2(e1368),1,49.286956
A,daf-2(e1368),1,49.289641
B,daf-2(e1368),1,49.349456
A,daf-2(e1368),1,49.391123
B,daf-2(e1368),1,49.432789
A,daf-2(e1368),1,49.435475
B,daf-2(e1368),1,49.518808
A,daf-2(e1368),1,49.574178
B,daf-2(e1368),1,49.782454
A,daf-2(e1368),1,49.786956
B,daf-2(e1368),1,49.786956
A,daf-2(e1368),1,49.807789
B,daf-2(e1368),1,49.932789
A,daf-2(e1368),1,49.997975
B,daf-2(e1368),1,50.018808
A,daf-2(e1368),1,50.247975
B,daf-2(e1368),1,50.266123
A,daf-2(e1368),1,50.268808
B,daf-2(e1368),1,50.324178
A,daf-2(e1368),1,50.331308
B,daf-2(e1368),1,50.352141
A,daf-2(e1368),1,50.414641
B,daf-2(e1368),1,50.435475
A,daf-2(e1368),1,50.435475
B,daf-2(e1368),1,50.44912
A,daf-2(e1368),1,50.497975
B,daf-2(e1368),1,50.497975
A,daf-2(e1368),1,50.747975
B,daf-2(e1368),1,50.786956
A,daf-2(e1368),1,50.831308
B,daf-2(e1368),1,50.990787
A,daf-2(e1368),1,51.011678
B,daf-2(e1368),1,51.157454
A,daf-2(e1368),1,51.157454
B,daf-2(e1368),1,51.224456
A,daf-2(e1368),1,51.266123
B,daf-2(e1368),1,51.391123
A,daf-2(e1368),1,51.435475
B,daf-2(e1368),1,51.44912
A,daf-2(e1368),1,51.497975
B,daf-2(e1368),1,51.719954
A,daf-2(e1368),1,51.724456
B,daf-2(e1368),1,52.036956
A,daf-2(e1368),1,52.057789
B,daf-2(e1368),1,52.081308
A,daf-2(e1368),1,52.178345
B,daf-2(e1368),1,52.268808
A,daf-2(e1368),1,52.282512
B,daf-2(e1368),1,52.365845
A,daf-2(e1368),1,52.407512
B,daf-2(e1368),1,52.414641
A,daf-2(e1368),1,52.414641
B,daf-2(e1368),1,52.490845
A,daf-2(e1368),1,52.497975
B,daf-2(e1368),1,52.51162
A,daf-2(e1368),1,52.536956
B,daf-2(e1368),1,52.557789
A,daf-2(e1368),1,52.602141
B,daf-2(e1368),1,52.664641
A,daf-2(e1368),1,52.682789
B,daf-2(e1368),1,52.747975
A,daf-2(e1368),1,52.831308
B,daf-2(e1368),1,52.914641
A,daf-2(e1368),1,52.932789
B,daf-2(e1368),1,53.057789
A,daf-2(e1368),1,53.099456
B,daf-2(e1368),1,53.141123
A,daf-2(e1368),1,53.261678
B,daf-2(e1368),1,53.331308
A,daf-2(e1368),1,53.331308
B,daf-2(e1368),1,53.581308
A,daf-2(e1368),1,53.599456
B,daf-2(e1368),1,53.641123
A,daf-2(e1368),1,53.699178
B,daf-2(e1368),1,53.747975
A,daf-2(e1368),1,53.768808
B,daf-2(e1368),1,53.807789
A,daf-2(e1368),1,53.845012
B,daf-2(e1368),1,53.845012
A,daf-2(e1368),1,53.997975
B,daf-2(e1368),1,54.164641
A,daf-2(e1368),1,54.206308
B,daf-2(e1368),1,54.407512
A,daf-2(e1368),1,54.414641
B,daf-2(e1368),1,54.453623
A,daf-2(e1368),1,54.641123
B,daf-2(e1368),1,54.747975
A,daf-2(e1368),1,54.831308
B,daf-2(e1368),1,55.057789
A,daf-2(e1368),1,55.102141
B,daf-2(e1368),1,55.102141
A,daf-2(e1368),1,55.266123
B,daf-2(e1368),1,55.391123
A,daf-2(e1368),1,55.831308
B,daf-2(e1368),1,55.845012
A,daf-2(e1368),1,56.01162
B,daf-2(e1368),1,56.081308
A,daf-2(e1368),1,56.102141
B,daf-2(e1368),1,56.261678
A,daf-2(e1368),1,56.266123
B,daf-2(e1368),1,56.345012
A,daf-2(e1368),1,56.497975
B,daf-2(e1368),1,56.602141
A,daf-2(e1368),1,56.657512
B,daf-2(e1368),1,56.664641
A,daf-2(e1368),1,57.182789
B,daf-2(e1368),1,57.247975
A,daf-2(e1368),1,57.349456
B,daf-2(e1368),1,57.497975
A,daf-2(e1368),1,57.891123
B,daf-2(e1368),1,58.081308
A,daf-2(e1368),1,58.081308
B,daf-2(e1368),1,58.115845
A,daf-2(e1368),1,58.157512
B,daf-2(e1368),1,58.203623
A,daf-2(e1368),1,58.352141
B,daf-2(e1368),1,58.664641
A,daf-2(e1368),1,58.845012
B,daf-2(e1368),1,58.974456
A,daf-2(e1368),1,59.081308
B,daf-2(e1368),1,59.407512
A,daf-2(e1368),1,59.831308
B,daf-2(e1368),1,60.289641
A,daf-2(e1368),1,61.266123
B,daf-2(e1368),1,61.435475
A,daf-2(e1368),1,62.081308
B,daf-2(e1368),1,69.268808
A,daf-2(e1370),1,9.289641
B,daf-2(e1370),1,10.328623
A,daf-2(e1370),1,10.699178
B,daf-2(e1370),1,10.907512
A,daf-2(e1370),1,10.907512
B,daf-2(e1370),1,11.120289
A,daf-2(e1370),1,11.643808
B,daf-2(e1370),1,11.657512
A,daf-2(e1370),1,11.828623
B,daf-2(e1370),1,11.893808
A,daf-2(e1370),1,12.115845
B,daf-2(e1370),1,12.553345
A,daf-2(e1370),1,12.574178
B,daf-2(e1370),1,12.636678
A,daf-2(e1370),1,13.060475
B,daf-2(e1370),1,13.453623
A,daf-2(e1370),1,13.615845
B,daf-2(e1370),1,13.622975
A,daf-2(e1370),1,13.664641
B,daf-2(e1370),1,13.953623
A,daf-2(e1370),1,14.078623
B,daf-2(e1370),1,14.141123
A,daf-2(e1370),1,14.203623
B,daf-2(e1370),1,14.240787
A,daf-2(e1370),1,14.657512
B,daf-2(e1370),1,14.678287
A,daf-2(e1370),1,14.911956
B,daf-2(e1370),1,15.266123
A,daf-2(e1370),1,15.57412
B,daf-2(e1370),1,15.990787
A,daf-2(e1370),1,16.032454
B,daf-2(e1370),1,16.370289
A,daf-2(e1370),1,16.490845
B,daf-2(e1370),1,16.594954
A,daf-2(e1370),1,16.594954
B,daf-2(e1370),1,16.622975
A,daf-2(e1370),1,16.727141
B,daf-2(e1370),1,16.803345
A,daf-2(e1370),1,16.907454
B,daf-2(e1370),1,16.953623
A,daf-2(e1370),1,17.01162
B,daf-2(e1370),1,17.199178
A,daf-2(e1370),1,17.240787
B,daf-2(e1370),1,17.240845
A,daf-2(e1370),1,17.240845
B,daf-2(e1370),1,17.32412
A,daf-2(e1370),1,17.365845
B,daf-2(e1370),1,17.391123
A,daf-2(e1370),1,17.391123
B,daf-2(e1370),1,17.407454
A,daf-2(e1370),1,17.57412
B,daf-2(e1370),1,17.622975
A,daf-2(e1370),1,17.63662
B,daf-2(e1370),1,17.643808
A,daf-2(e1370),1,17.740787
B,daf-2(e1370),1,17.782454
A,daf-2(e1370),1,17.782512
B,daf-2(e1370),1,17.88662
A,daf-2(e1370),1,17.928287
B,daf-2(e1370),1,17.94912
A,daf-2(e1370),1,17.995289
B,daf-2(e1370),1,18.115787
A,daf-2(e1370),1,18.599456
B,daf-2(e1370),1,18.907454
A,daf-2(e1370),1,18.928287
B,daf-2(e1370),1,19.122975
A,daf-2(e1370),1,19.328623
B,daf-2(e1370),1,19.407454
A,daf-2(e1370),1,19.449178
B,daf-2(e1370),1,19.474456
A,daf-2(e1370),1,19.914641
B,daf-2(e1370),1,20.120289
A,daf-2(e1370),1,20.224456
B,daf-2(e1370),1,20.282454
A,daf-2(e1370),1,20.324178
B,daf-2(e1370),1,20.456308
A,daf-2(e1370),1,20.469954
B,daf-2(e1370),1,20.497975
A,daf-2(e1370),1,20.657454
B,daf-2(e1370),1,20.657512
A,daf-2(e1370),1,20.661956
B,daf-2(e1370),1,20.719954
A,daf-2(e1370),1,20.911956
B,daf-2(e1370),1,20.970012
A,daf-2(e1370),1,21.081308
B,daf-2(e1370),1,21.157454
A,daf-2(e1370),1,21.203623
B,daf-2(e1370),1,21.224456
A,daf-2(e1370),1,21.657512
B,daf-2(e1370),1,21.740845
A,daf-2(e1370),1,21.747975
B,daf-2(e1370),1,21.782454
A,daf-2(e1370),1,21.803345
B,daf-2(e1370),1,22.07412
A,daf-2(e1370),1,22.074178
B,daf-2(e1370),1,22.19912
A,daf-2(e1370),1,22.26162
B,daf-2(e1370),1,22.282454
A,daf-2(e1370),1,22.407454
B,daf-2(e1370),1,22.57412
A,daf-2(e1370),1,22.719954
B,daf-2(e1370),1,22.782512
A,daf-2(e1370),1,22.970012
B,daf-2(e1370),1,22.995289
A,daf-2(e1370),1,23.407454
B,daf-2(e1370),1,23.807789
A,daf-2(e1370),1,23.907512
B,daf-2(e1370),1,24.289641
A,daf-2(e1370),1,24.324178
B,daf-2(e1370),1,24.407454
A,daf-2(e1370),1,24.51162
B,daf-2(e1370),1,24.594954
A,daf-2(e1370),1,24.740845
B,daf-2(e1370),1,24.824178
A,daf-2(e1370),1,24.914641
B,daf-2(e1370),1,24.974456
A,daf-2(e1370),1,25.032512
B,daf-2(e1370),1,25.240787
A,daf-2(e1370),1,25.286956
B,daf-2(e1370),1,25.303287
A,daf-2(e1370),1,25.310475
B,daf-2(e1370),1,25.32412
A,daf-2(e1370),1,25.449178
B,daf-2(e1370),1,25.63662
A,daf-2(e1370),1,25.643808
B,daf-2(e1370),1,25.720012
A,daf-2(e1370),1,25.740845
B,daf-2(e1370),1,25.766123
A,daf-2(e1370),1,25.803287
B,daf-2(e1370),1,26.039641
A,daf-2(e1370),1,26.053287
B,daf-2(e1370),1,26.053287
A,daf-2(e1370),1,26.289641
B,daf-2(e1370),1,26.344954
A,daf-2(e1370),1,26.365787
B,daf-2(e1370),1,26.469954
A,daf-2(e1370),1,26.57412
B,daf-2(e1370),1,26.63662
A,daf-2(e1370),1,26.643808
B,daf-2(e1370),1,26.870289
A,daf-2(e1370),1,26.893808
B,daf-2(e1370),1,26.94912
A,daf-2(e1370),1,27.182789
B,daf-2(e1370),1,27.19912
A,daf-2(e1370),1,27.266123
B,daf-2(e1370),1,27.307789
A,daf-2(e1370),1,27.365787
B,daf-2(e1370),1,27.38662
A,daf-2(e1370),1,27.474456
B,daf-2(e1370),1,27.51162
A,daf-2(e1370),1,27.553287
B,daf-2(e1370),1,27.719954
A,daf-2(e1370),1,27.810475
B,daf-2(e1370),1,27.886678
A,daf-2(e1370),1,27.907454
B,daf-2(e1370),1,27.969954
A,daf-2(e1370),1,28.199178
B,daf-2(e1370),1,28.240787
A,daf-2(e1370),1,28.32412
B,daf-2(e1370),1,28.38662
A,daf-2(e1370),1,28.44912
B,daf-2(e1370),1,28.516123
A,daf-2(e1370),1,28.539641
B,daf-2(e1370),1,28.553287
A,daf-2(e1370),1,28.599456
B,daf-2(e1370),1,28.872975
A,daf-2(e1370),1,28.907512
B,daf-2(e1370),1,28.956308
A,daf-2(e1370),1,28.995289
B,daf-2(e1370),1,29.115845
A,daf-2(e1370),1,29.122975
B,daf-2(e1370),1,29.157454
A,daf-2(e1370),1,29.178287
B,daf-2(e1370),1,29.199178
A,daf-2(e1370),1,29.372975
B,daf-2(e1370),1,29.449178
A,daf-2(e1370),1,29.469954
B,daf-2(e1370),1,29.490787
A,daf-2(e1370),1,29.699178
B,daf-2(e1370),1,29.719954
A,daf-2(e1370),1,29.803345
B,daf-2(e1370),1,29.911956
A,daf-2(e1370),1,29.928287
B,daf-2(e1370),1,29.969954
A,daf-2(e1370),1,29.977141
B,daf-2(e1370),1,30.060475
A,daf-2(e1370),1,30.199178
B,daf-2(e1370),1,30.303345
A,daf-2(e1370),1,30.490845
B,daf-2(e1370),1,30.578623
A,daf-2(e1370),1,30.615787
B,daf-2(e1370),1,30.719954
A,daf-2(e1370),1,30.782454
B,daf-2(e1370),1,30.803287
A,daf-2(e1370),1,30.865845
B,daf-2(e1370),1,30.891123
A,daf-2(e1370),1,30.969954
B,daf-2(e1370),1,31.081308
A,daf-2(e1370),1,31.240845
B,daf-2(e1370),1,31.26162
A,daf-2(e1370),1,31.303287
B,daf-2(e1370),1,31.303345
A,daf-2(e1370),1,31.328623
B,daf-2(e1370),1,31.372975
A,daf-2(e1370),1,31.469954
B,daf-2(e1370),1,31.553345
A,daf-2(e1370),1,31.560475
B,daf-2(e1370),1,31.594954
A,daf-2(e1370),1,31.636678
B,daf-2(e1370),1,31.657512
A,daf-2(e1370),1,31.745289
B,daf-2(e1370),1,31.745289
A,daf-2(e1370),1,31.782454
B,daf-2(e1370),1,31.810475
A,daf-2(e1370),1,32.19912
B,daf-2(e1370),1,32.307789
A,daf-2(e1370),1,32.365787
B,daf-2(e1370),1,32.38662
A,daf-2(e1370),1,32.407512
B,daf-2(e1370),1,32.411956
A,daf-2(e1370),1,32.560475
B,daf-2(e1370),1,32.574178
A,daf-2(e1370),1,32.622975
B,daf-2(e1370),1,32.678287
A,daf-2(e1370),1,32.706308
B,daf-2(e1370),1,32.831308
A,daf-2(e1370),1,32.872975
B,daf-2(e1370),1,32.907454
A,daf-2(e1370),1,32.928287
B,daf-2(e1370),1,33.182789
A,daf-2(e1370),1,33.247975
B,daf-2(e1370),1,33.32412
A,daf-2(e1370),1,33.344954
B,daf-2(e1370),1,33.407454
A,daf-2(e1370),1,33.497975
B,daf-2(e1370),1,33.536956
A,daf-2(e1370),1,33.557789
B,daf-2(e1370),1,33.574178
A,daf-2(e1370),1,33.703623
B,daf-2(e1370),1,33.719954
A,daf-2(e1370),1,33.782454
B,daf-2(e1370),1,33.782512
A,daf-2(e1370),1,33.803345
B,daf-2(e1370),1,33.907454
A,daf-2(e1370),1,33.928287
B,daf-2(e1370),1,34.016123
A,daf-2(e1370),1,34.016123
B,daf-2(e1370),1,34.161956
A,daf-2(e1370),1,34.220012
B,daf-2(e1370),1,34.224456
A,daf-2(e1370),1,34.289641
B,daf-2(e1370),1,34.706308
A,daf-2(e1370),1,34.745289
B,daf-2(e1370),1,34.810475
A,daf-2(e1370),1,34.870289
B,daf-2(e1370),1,34.970012
A,daf-2(e1370),1,34.974456
B,daf-2(e1370),1,35.01162
A,daf-2(e1370),1,35.016123
B,daf-2(e1370),1,35.074178
A,daf-2(e1370),1,35.227141
B,daf-2(e1370),1,35.411956
A,daf-2(e1370),1,35.414641
B,daf-2(e1370),1,35.414641
A,daf-2(e1370),1,35.560475
B,daf-2(e1370),1,35.57412
A,daf-2(e1370),1,35.719954
B,daf-2(e1370),1,35.782454
A,daf-2(e1370),1,35.782512
B,daf-2(e1370),1,35.824178
A,daf-2(e1370),1,35.865787
B,daf-2(e1370),1,35.911956
A,daf-2(e1370),1,35.928287
B,daf-2(e1370),1,35.953623
A,daf-2(e1370),1,35.990787
B,daf-2(e1370),1,35.990845
A,daf-2(e1370),1,36.136678
B,daf-2(e1370),1,36.199178
A,daf-2(e1370),1,36.310475
B,daf-2(e1370),1,36.328623
A,daf-2(e1370),1,36.331308
B,daf-2(e1370),1,36.331308
A,daf-2(e1370),1,36.349456
B,daf-2(e1370),1,36.44912
A,daf-2(e1370),1,36.490845
B,daf-2(e1370),1,36.532454
A,daf-2(e1370),1,36.553287
B,daf-2(e1370),1,36.63662
A,daf-2(e1370),1,36.69912
B,daf-2(e1370),1,36.69912
A,daf-2(e1370),1,36.807789
B,daf-2(e1370),1,36.844954
A,daf-2(e1370),1,36.928287
B,daf-2(e1370),1,36.932789
A,daf-2(e1370),1,36.970012
B,daf-2(e1370),1,37.01162
A,daf-2(e1370),1,37.19912
B,daf-2(e1370),1,38.206308
A,daf-2(e1370),1,38.245289
B,daf-2(e1370),1,38.310475
A,daf-2(e1370),1,38.344954
B,daf-2(e1370),1,38.370289
A,daf-2(e1370),1,38.470012
B,daf-2(e1370),1,38.474456
A,daf-2(e1370),1,38.51162
B,daf-2(e1370),1,38.516123
A,daf-2(e1370),1,38.553345
B,daf-2(e1370),1,38.57412
A,daf-2(e1370),1,38.574178
B,daf-2(e1370),1,38.727141
A,daf-2(e1370),1,38.911956
B,daf-2(e1370),1,38.914641
A,daf-2(e1370),1,38.914641
B,daf-2(e1370),1,39.060475
A,daf-2(e1370),1,39.07412
B,daf-2(e1370),1,39.219954
A,daf-2(e1370),1,39.282454
B,daf-2(e1370),1,39.282512
A,daf-2(e1370),1,39.324178
B,daf-2(e1370),1,39.365787
A,daf-2(e1370),1,39.411956
B,daf-2(e1370),1,39.428287
A,daf-2(e1370),1,39.432789
B,daf-2(e1370),1,39.453623
A,daf-2(e1370),1,39.490787
B,daf-2(e1370),1,39.490845
A,daf-2(e1370),1,39.497975
B,daf-2(e1370),1,39.51162
A,daf-2(e1370),1,39.641123
B,daf-2(e1370),1,39.643808
A,daf-2(e1370),1,39.657454
B,daf-2(e1370),1,39.661956
A,daf-2(e1370),1,39.664641
B,daf-2(e1370),1,39.678287
A,daf-2(e1370),1,39.678287
B,daf-2(e1370),1,39.682789
A,daf-2(e1370),1,39.682789
B,daf-2(e1370),1,39.682789
A,daf-2(e1370),1,39.682789
B,daf-2(e1370),1,39.720012
A,daf-2(e1370),1,39.782454
B,daf-2(e1370),1,39.782454
A,daf-2(e1370),1,39.782454
B,daf-2(e1370),1,39.786956
A,daf-2(e1370),1,39.789641
B,daf-2(e1370),1,39.803287
A,daf-2(e1370),1,39.803287
B,daf-2(e1370),1,39.82412
A,daf-2(e1370),1,39.828623
B,daf-2(e1370),1,39.828623
A,daf-2(e1370),1,39.845012
B,daf-2(e1370),1,39.865787
A,daf-2(e1370),1,39.865787
B,daf-2(e1370),1,39.865787
A,daf-2(e1370),1,39.865845
B,daf-2(e1370),1,39.88662
A,daf-2(e1370),1,39.88662
B,daf-2(e1370),1,39.886678
A,daf-2(e1370),1,39.911956
B,daf-2(e1370),1,39.990787
A,daf-2(e1370),1,39.997975
B,daf-2(e1370),1,40.032454
A,daf-2(e1370),1,40.036956
B,daf-2(e1370),1,40.07412
A,daf-2(e1370),1,40.115845
B,daf-2(e1370),1,40.122975
A,daf-2(e1370),1,40.157512
B,daf-2(e1370),1,40.157512
A,daf-2(e1370),1,40.178287
B,daf-2(e1370),1,40.203623
A,daf-2(e1370),1,40.220012
B,daf-2(e1370),1,40.286956
A,daf-2(e1370),1,40.289641
B,daf-2(e1370),1,40.289641
A,daf-2(e1370),1,40.310475
B,daf-2(e1370),1,40.310475
A,daf-2(e1370),1,40.324178
B,daf-2(e1370),1,40.344954
A,daf-2(e1370),1,40.370289
B,daf-2(e1370),1,40.386678
A,daf-2(e1370),1,40.386678
B,daf-2(e1370),1,40.393808
A,daf-2(e1370),1,40.428287
B,daf-2(e1370),1,40.432789
A,daf-2(e1370),1,40.44912
B,daf-2(e1370),1,40.456308
A,daf-2(e1370),1,40.456308
B,daf-2(e1370),1,40.490787
A,daf-2(e1370),1,40.495289
B,daf-2(e1370),1,40.532512
A,daf-2(e1370),1,40.719954
B,daf-2(e1370),1,40.747975
A,daf-2(e1370),1,40.782512
B,daf-2(e1370),1,40.803287
A,daf-2(e1370),1,40.928345
B,daf-2(e1370),1,40.94912
A,daf-2(e1370),1,40.969954
B,daf-2(e1370),1,40.970012
A,daf-2(e1370),1,41.01162
B,daf-2(e1370),1,41.053287
A,daf-2(e1370),1,41.057789
B,daf-2(e1370),1,41.081308
A,daf-2(e1370),1,41.115787
B,daf-2(e1370),1,41.122975
A,daf-2(e1370),1,41.178287
B,daf-2(e1370),1,41.19912
A,daf-2(e1370),1,41.199178
B,daf-2(e1370),1,41.219954
A,daf-2(e1370),1,41.26162
B,daf-2(e1370),1,41.26162
A,daf-2(e1370),1,41.32412
B,daf-2(e1370),1,41.32412
A,daf-2(e1370),1,41.365787
B,daf-2(e1370),1,41.372975
A,daf-2(e1370),1,41.391123
B,daf-2(e1370),1,41.407454
A,daf-2(e1370),1,41.411956
B,daf-2(e1370),1,41.428287
A,daf-2(e1370),1,41.495289
B,daf-2(e1370),1,41.594954
A,daf-2(e1370),1,41.622975
B,daf-2(e1370),1,41.622975
A,daf-2(e1370),1,41.636678
B,daf-2(e1370),1,41.657454
A,daf-2(e1370),1,41.682789
B,daf-2(e1370),1,41.682789
A,daf-2(e1370),1,41.720012
B,daf-2(e1370),1,41.740787
A,daf-2(e1370),1,41.786956
B,daf-2(e1370),1,41.803287
A,daf-2(e1370),1,41.803345
B,daf-2(e1370),1,41.928287
A,daf-2(e1370),1,42.032512
B,daf-2(e1370),1,42.039641
A,daf-2(e1370),1,42.057789
B,daf-2(e1370),1,42.07412
A,daf-2(e1370),1,42.136678
B,daf-2(e1370),1,42.161956
A,daf-2(e1370),1,42.178287
B,daf-2(e1370),1,42.199178
A,daf-2(e1370),1,42.261678
B,daf-2(e1370),1,42.266123
A,daf-2(e1370),1,42.282512
B,daf-2(e1370),1,42.289641
A,daf-2(e1370),1,42.310475
B,daf-2(e1370),1,42.331308
A,daf-2(e1370),1,42.411956
B,daf-2(e1370),1,42.532454
A,daf-2(e1370),1,42.641123
B,daf-2(e1370),1,42.76162
A,daf-2(e1370),1,42.82412
B,daf-2(e1370),1,42.886678
A,daf-2(e1370),1,42.953623
B,daf-2(e1370),1,42.970012
A,daf-2(e1370),1,43.01162
B,daf-2(e1370),1,43.07412
A,daf-2(e1370),1,43.074178
B,daf-2(e1370),1,43.095012
A,daf-2(e1370),1,43.115845
B,daf-2(e1370),1,43.157454
A,daf-2(e1370),1,43.199178
B,daf-2(e1370),1,43.307789
A,daf-2(e1370),1,43.310475
B,daf-2(e1370),1,43.328623
A,daf-2(e1370),1,43.365787
B,daf-2(e1370),1,43.372975
A,daf-2(e1370),1,43.386678
B,daf-2(e1370),1,43.391123
A,daf-2(e1370),1,43.449178
B,daf-2(e1370),1,43.490845
A,daf-2(e1370),1,43.495289
B,daf-2(e1370),1,43.516123
A,daf-2(e1370),1,43.553345
B,daf-2(e1370),1,43.574178
A,daf-2(e1370),1,43.615845
B,daf-2(e1370),1,43.636678
A,daf-2(e1370),1,43.661956
B,daf-2(e1370),1,43.69912
A,daf-2(e1370),1,43.69912
B,daf-2(e1370),1,43.706308
A,daf-2(e1370),1,43.740787
B,daf-2(e1370),1,43.786956
A,daf-2(e1370),1,43.789641
B,daf-2(e1370),1,43.810475
A,daf-2(e1370),1,43.810475
B,daf-2(e1370),1,43.82412
A,daf-2(e1370),1,43.831308
B,daf-2(e1370),1,43.845012
A,daf-2(e1370),1,43.865787
B,daf-2(e1370),1,43.891123
A,daf-2(e1370),1,43.953623
B,daf-2(e1370),1,44.032512
A,daf-2(e1370),1,44.074178
B,daf-2(e1370),1,44.074178
A,daf-2(e1370),1,44.081308
B,daf-2(e1370),1,44.141123
A,daf-2(e1370),1,44.141123
B,daf-2(e1370),1,44.178287
A,daf-2(e1370),1,44.19912
B,daf-2(e1370),1,44.203623
A,daf-2(e1370),1,44.32412
B,daf-2(e1370),1,44.324178
A,daf-2(e1370),1,44.372975
B,daf-2(e1370),1,44.391123
A,daf-2(e1370),1,44.391123
B,daf-2(e1370),1,44.495289
A,daf-2(e1370),1,44.497975
B,daf-2(e1370),1,44.539641
A,daf-2(e1370),1,44.557789
B,daf-2(e1370),1,44.599456
A,daf-2(e1370),1,44.615845
B,daf-2(e1370),1,44.664641
A,daf-2(e1370),1,44.719954
B,daf-2(e1370),1,44.745289
A,daf-2(e1370),1,44.782454
B,daf-2(e1370),1,44.810475
A,daf-2(e1370),1,44.810475
B,daf-2(e1370),1,44.824178
A,daf-2(e1370),1,44.824178
B,daf-2(e1370),1,44.865845
A,daf-2(e1370),1,45.036956
B,daf-2(e1370),1,45.099456
A,daf-2(e1370),1,45.120289
B,daf-2(e1370),1,45.245289
A,daf-2(e1370),1,45.266123
B,daf-2(e1370),1,45.32412
A,daf-2(e1370),1,45.370289
B,daf-2(e1370),1,45.386678
A,daf-2(e1370),1,45.407512
B,daf-2(e1370),1,45.414641
A,daf-2(e1370),1,45.432789
B,daf-2(e1370),1,45.490845
A,daf-2(e1370),1,45.490845
B,daf-2(e1370),1,45.490845
A,daf-2(e1370),1,45.578623
B,daf-2(e1370),1,45.581308
A,daf-2(e1370),1,45.620289
B,daf-2(e1370),1,45.622975
A,daf-2(e1370),1,45.63662
B,daf-2(e1370),1,45.703623
A,daf-2(e1370),1,45.727141
B,daf-2(e1370),1,45.745289
A,daf-2(e1370),1,45.76162
B,daf-2(e1370),1,45.766123
A,daf-2(e1370),1,45.824178
B,daf-2(e1370),1,45.872975
A,daf-2(e1370),1,45.872975
B,daf-2(e1370),1,46.057789
A,daf-2(e1370),1,46.157512
B,daf-2(e1370),1,46.240787
A,daf-2(e1370),1,46.303345
B,daf-2(e1370),1,46.328623
A,daf-2(e1370),1,46.370289
B,daf-2(e1370),1,46.386678
A,daf-2(e1370),1,46.391123
B,daf-2(e1370),1,46.407512
A,daf-2(e1370),1,46.449178
B,daf-2(e1370),1,46.51162
A,daf-2(e1370),1,46.532454
B,daf-2(e1370),1,46.539641
A,daf-2(e1370),1,46.539641
B,daf-2(e1370),1,46.553287
A,daf-2(e1370),1,46.557789
B,daf-2(e1370),1,46.636678
A,daf-2(e1370),1,46.641123
B,daf-2(e1370),1,46.641123
A,daf-2(e1370),1,46.720012
B,daf-2(e1370),1,46.720012
A,daf-2(e1370),1,46.740845
B,daf-2(e1370),1,46.82412
A,daf-2(e1370),1,46.82412
B,daf-2(e1370),1,46.844954
A,daf-2(e1370),1,46.891123
B,daf-2(e1370),1,46.891123
A,daf-2(e1370),1,46.911956
B,daf-2(e1370),1,46.932789
A,daf-2(e1370),1,46.949178
B,daf-2(e1370),1,46.995289
A,daf-2(e1370),1,47.081308
B,daf-2(e1370),1,47.122975
A,daf-2(e1370),1,47.13662
B,daf-2(e1370),1,47.143808
A,daf-2(e1370),1,47.161956
B,daf-2(e1370),1,47.178287
A,daf-2(e1370),1,47.199178
B,daf-2(e1370),1,47.240845
A,daf-2(e1370),1,47.247975
B,daf-2(e1370),1,47.261678
A,daf-2(e1370),1,47.289641
B,daf-2(e1370),1,47.310475
A,daf-2(e1370),1,47.324178
B,daf-2(e1370),1,47.331308
A,daf-2(e1370),1,47.331308
B,daf-2(e1370),1,47.349456
A,daf-2(e1370),1,47.386678
B,daf-2(e1370),1,47.428287
A,daf-2(e1370),1,47.449178
B,daf-2(e1370),1,47.477141
A,daf-2(e1370),1,47.495289
B,daf-2(e1370),1,47.553287
A,daf-2(e1370),1,47.599456
B,daf-2(e1370),1,47.615787
A,daf-2(e1370),1,47.63662
B,daf-2(e1370),1,47.643808
A,daf-2(e1370),1,47.661956
B,daf-2(e1370),1,47.699178
A,daf-2(e1370),1,47.699178
B,daf-2(e1370),1,47.724456
A,daf-2(e1370),1,47.745289
B,daf-2(e1370),1,47.831308
A,daf-2(e1370),1,47.928345
B,daf-2(e1370),1,48.036956
A,daf-2(e1370),1,48.094954
B,daf-2(e1370),1,48.120289
A,daf-2(e1370),1,48.19912
B,daf-2(e1370),1,48.247975
A,daf-2(e1370),1,48.282512
B,daf-2(e1370),1,48.282512
A,daf-2(e1370),1,48.349456
B,daf-2(e1370),1,48.407454
A,daf-2(e1370),1,48.407512
B,daf-2(e1370),1,48.428345
A,daf-2(e1370),1,48.428345
B,daf-2(e1370),1,48.497975
A,daf-2(e1370),1,48.497975
B,daf-2(e1370),1,48.532512
A,daf-2(e1370),1,48.539641
B,daf-2(e1370),1,48.539641
A,daf-2(e1370),1,48.574178
B,daf-2(e1370),1,48.599456
A,daf-2(e1370),1,48.615845
B,daf-2(e1370),1,48.622975
A,daf-2(e1370),1,48.63662
B,daf-2(e1370),1,48.664641
A,daf-2(e1370),1,48.682789
B,daf-2(e1370),1,48.69912
A,daf-2(e1370),1,48.699178
B,daf-2(e1370),1,48.699178
A,daf-2(e1370),1,48.719954
B,daf-2(e1370),1,48.724456
A,daf-2(e1370),1,48.727141
B,daf-2(e1370),1,48.789641
A,daf-2(e1370),1,48.803287
B,daf-2(e1370),1,48.807789
A,daf-2(e1370),1,48.865787
B,daf-2(e1370),1,48.907454
A,daf-2(e1370),1,48.911956
B,daf-2(e1370),1,48.990787
A,daf-2(e1370),1,49.07412
B,daf-2(e1370),1,49.078623
A,daf-2(e1370),1,49.115845
B,daf-2(e1370),1,49.120289
A,daf-2(e1370),1,49.203623
B,daf-2(e1370),1,49.206308
A,daf-2(e1370),1,49.286956
B,daf-2(e1370),1,49.303345
A,daf-2(e1370),1,49.393808
B,daf-2(e1370),1,49.414641
A,daf-2(e1370),1,49.432789
B,daf-2(e1370),1,49.44912
A,daf-2(e1370),1,49.453623
B,daf-2(e1370),1,49.456308
A,daf-2(e1370),1,49.497975
B,daf-2(e1370),1,49.497975
A,daf-2(e1370),1,49.532512
B,daf-2(e1370),1,49.657512
A,daf-2(e1370),1,49.720012
B,daf-2(e1370),1,49.720012
A,daf-2(e1370),1,49.745289
B,daf-2(e1370),1,49.747975
A,daf-2(e1370),1,49.782512
B,daf-2(e1370),1,49.810475
A,daf-2(e1370),1,49.831308
B,daf-2(e1370),1,49.845012
A,daf-2(e1370),1,49.953623
B,daf-2(e1370),1,49.970012
A,daf-2(e1370),1,50.016123
B,daf-2(e1370),1,50.053345
A,daf-2(e1370),1,50.078623
B,daf-2(e1370),1,50.099456
A,daf-2(e1370),1,50.120289
B,daf-2(e1370),1,50.206308
A,daf-2(e1370),1,50.240845
B,daf-2(e1370),1,50.247975
A,daf-2(e1370),1,50.282454
B,daf-2(e1370),1,50.324178
A,daf-2(e1370),1,50.331308
B,daf-2(e1370),1,50.344954
A,daf-2(e1370),1,50.345012
B,daf-2(e1370),1,50.370289
A,daf-2(e1370),1,50.393808
B,daf-2(e1370),1,50.432789
A,daf-2(e1370),1,50.449178
B,daf-2(e1370),1,50.477141
A,daf-2(e1370),1,50.539641
B,daf-2(e1370),1,50.574178
A,daf-2(e1370),1,50.615787
B,daf-2(e1370),1,50.720012
A,daf-2(e1370),1,50.727141
B,daf-2(e1370),1,50.740845
A,daf-2(e1370),1,50.745289
B,daf-2(e1370),1,50.786956
A,daf-2(e1370),1,50.803287
B,daf-2(e1370),1,50.810475
A,daf-2(e1370),1,50.828623
B,daf-2(e1370),1,50.844954
A,daf-2(e1370),1,50.893808
B,daf-2(e1370),1,50.932789
A,daf-2(e1370),1,50.997975
B,daf-2(e1370),1,51.039641
A,daf-2(e1370),1,51.074178
B,daf-2(e1370),1,51.081308
A,daf-2(e1370),1,51.161956
B,daf-2(e1370),1,51.286956
A,daf-2(e1370),1,51.307789
B,daf-2(e1370),1,51.324178
A,daf-2(e1370),1,51.324178
B,daf-2(e1370),1,51.331308
A,daf-2(e1370),1,51.407454
B,daf-2(e1370),1,51.497975
A,daf-2(e1370),1,51.532454
B,daf-2(e1370),1,51.578623
A,daf-2(e1370),1,51.599456
B,daf-2(e1370),1,51.69912
A,daf-2(e1370),1,51.761678
B,daf-2(e1370),1,51.828623
A,daf-2(e1370),1,51.911956
B,daf-2(e1370),1,51.932789
A,daf-2(e1370),1,52.053345
B,daf-2(e1370),1,52.143808
A,daf-2(e1370),1,52.328623
B,daf-2(e1370),1,52.331308
A,daf-2(e1370),1,52.428345
B,daf-2(e1370),1,52.453623
A,daf-2(e1370),1,52.511678
B,daf-2(e1370),1,52.536956
A,daf-2(e1370),1,52.641123
B,daf-2(e1370),1,52.824178
A,daf-2(e1370),1,52.907512
B,daf-2(e1370),1,52.990845
A,daf-2(e1370),1,53.01162
B,daf-2(e1370),1,53.016123
A,daf-2(e1370),1,53.016123
B,daf-2(e1370),1,53.136678
A,daf-2(e1370),1,53.240787
B,daf-2(e1370),1,53.393808
A,daf-2(e1370),1,53.490845
B,daf-2(e1370),1,53.495289
A,daf-2(e1370),1,53.516123
B,daf-2(e1370),1,53.664641
A,daf-2(e1370),1,53.682789
B,daf-2(e1370),1,53.740845
A,daf-2(e1370),1,53.766123
B,daf-2(e1370),1,53.782454
A,daf-2(e1370),1,53.849456
B,daf-2(e1370),1,53.932789
A,daf-2(e1370),1,53.953623
B,daf-2(e1370),1,54.036956
A,daf-2(e1370),1,54.039641
B,daf-2(e1370),1,54.078623
A,daf-2(e1370),1,54.161956
B,daf-2(e1370),1,54.161956
A,daf-2(e1370),1,54.220012
B,daf-2(e1370),1,54.26162
A,daf-2(e1370),1,54.289641
B,daf-2(e1370),1,54.372975
A,daf-2(e1370),1,54.407512
B,daf-2(e1370),1,54.414641
A,daf-2(e1370),1,54.456308
B,daf-2(e1370),1,54.578623
A,daf-2(e1370),1,54.599456
B,daf-2(e1370),1,54.657512
A,daf-2(e1370),1,54.786956
B,daf-2(e1370),1,54.803345
A,daf-2(e1370),1,54.872975
B,daf-2(e1370),1,55.016123
A,daf-2(e1370),1,55.036956
B,daf-2(e1370),1,55.203623
A,daf-2(e1370),1,55.206308
B,daf-2(e1370),1,55.266123
A,daf-2(e1370),1,55.307789
B,daf-2(e1370),1,55.453623
A,daf-2(e1370),1,55.956308
B,daf-2(e1370),1,55.995289
A,daf-2(e1370),1,56.099456
B,daf-2(e1370),1,56.122975
A,daf-2(e1370),1,56.203623
B,daf-2(e1370),1,56.224456
A,daf-2(e1370),1,56.240787
B,daf-2(e1370),1,56.324178
A,daf-2(e1370),1,56.331308
B,daf-2(e1370),1,56.453623
A,daf-2(e1370),1,56.536956
B,daf-2(e1370),1,56.578623
A,daf-2(e1370),1,56.636678
B,daf-2(e1370),1,56.706308
A,daf-2(e1370),1,56.786956
B,daf-2(e1370),1,56.789641
A,daf-2(e1370),1,56.824178
B,daf-2(e1370),1,56.872975
A,daf-2(e1370),1,56.995289
B,daf-2(e1370),1,57.099456
A,daf-2(e1370),1,57.164641
B,daf-2(e1370),1,57.490845
A,daf-2(e1370),1,57.539641
B,daf-2(e1370),1,57.657512
A,daf-2(e1370),1,57.849456
B,daf-2(e1370),1,57.870289
A,daf-2(e1370),1,58.016123
B,daf-2(e1370),1,58.078623
A,daf-2(e1370),1,58.266123
B,daf-2(e1370),1,58.990845
A,daf-2(e1370),1,59.206308
B,daf-2(e1370),1,59.286956
A,daf-2(e1370),1,59.328623
B,daf-2(e1370),1,59.328623
A,daf-2(e1370),1,59.706308
B,daf-2(e1370),1,59.761678
A,daf-2(e1370),1,59.870289
B,daf-2(e1370),1,59.928287
A,daf-2(e1370),1,60.206308
B,daf-2(e1370),1,60.307789
A,daf-2(e1370),1,60.345012
B,daf-2(e1370),1,60.495289
A,daf-2(e1370),1,61.039641
B,daf-2(e1370),1,61.286956
A,daf-2(e1370),1,61.456308
B,daf-2(e1370),1,61.469954
A,daf-2(e1370),1,61.578623
B,daf-2(e1370),1,61.595012
A,daf-2(e1370),1,61.747975
B,daf-2(e1370),1,62.266123
A,daf-2(e1370),1,67.536956
B,daf-2(e1370),1,69.289641
A,daf-2(e1370),1,69.643808
B,glp-1,1,10.518808
A,glp-1,1,10.661956
B,glp-1,1,10.911956
A,glp-1,1,11.136678
B,glp-1,1,11.161956
A,glp-1,1,11.720012
B,glp-1,1,11.747975
A,glp-1,1,12.078623
B,glp-1,1,12.224456
A,glp-1,1,12.310475
B,glp-1,1,12.324178
A,glp-1,1,12.456308
B,glp-1,1,12.470012
A,glp-1,1,12.477141
B,glp-1,1,12.789641
A,glp-1,1,13.053345
B,glp-1,1,13.078623
A,glp-1,1,13.122975
B,glp-1,1,13.161956
A,glp-1,1,13.245289
B,glp-1,1,13.372975
A,glp-1,1,13.456308
B,glp-1,1,13.470012
A,glp-1,1,13.997975
B,glp-1,1,13.997975
A,glp-1,1,14.115845
B,glp-1,1,14.136678
A,glp-1,1,14.245289
B,glp-1,1,14.310475
A,glp-1,1,14.411956
B,glp-1,1,14.490845
A,glp-1,1,14.560475
B,glp-1,1,14.699178
A,glp-1,1,14.699178
B,glp-1,1,14.740787
A,glp-1,1,14.782512
B,glp-1,1,14.828623
A,glp-1,1,14.828623
B,glp-1,1,14.865845
A,glp-1,1,14.970012
B,glp-1,1,15.018808
A,glp-1,1,15.053345
B,glp-1,1,15.115845
A,glp-1,1,15.115845
B,glp-1,1,15.220012
A,glp-1,1,15.245289
B,glp-1,1,15.289641
A,glp-1,1,15.495289
B,glp-1,1,15.532512
A,glp-1,1,15.844954
B,glp-1,1,15.974456
A,glp-1,1,16.19912
B,glp-1,1,16.199178
A,glp-1,1,16.220012
B,glp-1,1,16.32412
A,glp-1,1,16.344954
B,glp-1,1,16.386678
A,glp-1,1,16.391123
B,glp-1,1,16.664641
A,glp-1,1,16.745289
B,glp-1,1,16.911956
A,glp-1,1,16.911956
B,glp-1,1,16.911956
A,glp-1,1,17.094954
B,glp-1,1,17.120289
A,glp-1,1,17.161956
B,glp-1,1,17.220012
A,glp-1,1,17.268808
B,glp-1,1,17.328623
A,glp-1,1,17.344954
B,glp-1,1,17.344954
A,glp-1,1,17.344954
B,glp-1,1,17.344954
A,glp-1,1,17.370289
B,glp-1,1,17.370289
A,glp-1,1,17.428287
B,glp-1,1,17.470012
A,glp-1,1,17.497975
B,glp-1,1,17.51162
A,glp-1,1,17.51162
B,glp-1,1,17.615845
A,glp-1,1,17.657454
B,glp-1,1,17.678287
A,glp-1,1,17.76162
B,glp-1,1,17.76162
A,glp-1,1,17.828623
B,glp-1,1,17.911956
A,glp-1,1,17.953623
B,glp-1,1,18.036956
A,glp-1,1,18.036956
B,glp-1,1,18.224456
A,glp-1,1,18.26162
B,glp-1,1,18.344954
A,glp-1,1,18.407454
B,glp-1,1,18.560475
A,glp-1,1,18.720012
B,glp-1,1,18.740787
A,glp-1,1,18.768808
B,glp-1,1,18.828623
A,glp-1,1,18.914641
B,glp-1,1,18.953623
A,glp-1,1,19.01162
B,glp-1,1,19.032512
A,glp-1,1,19.120289
B,glp-1,1,19.331308
A,glp-1,1,19.411956
B,glp-1,1,19.435475
A,glp-1,1,19.620289
B,glp-1,1,19.69912
A,glp-1,1,19.720012
B,glp-1,1,19.76162
A,glp-1,1,19.807789
B,glp-1,1,19.810475
A,glp-1,1,19.810475
B,glp-1,1,19.995289
A,glp-1,1,20.032512
B,glp-1,1,20.164641
A,glp-1,1,20.178287
B,glp-1,1,20.240787
A,glp-1,1,20.240845
B,glp-1,1,20.282512
A,glp-1,1,20.344954
B,glp-1,1,20.449178
A,glp-1,1,20.490845
B,glp-1,1,20.57412
A,glp-1,1,20.745289
B,glp-1,1,20.844954
A,glp-1,1,20.844954
B,glp-1,1,21.01162
A,glp-1,1,21.018808
B,glp-1,1,21.018808
A,glp-1,1,21.032454
B,glp-1,1,21.428287
A,glp-1,1,21.495289
B,glp-1,1,21.51162
A,glp-1,1,21.622975
B,glp-1,1,21.699178
A,glp-1,1,21.745289
B,glp-1,1,21.782512
A,glp-1,1,21.789641
B,glp-1,1,21.914641
A,glp-1,1,21.928287
B,glp-1,1,22.053345
A,glp-1,1,22.26162
B,glp-1,1,22.407454
A,glp-1,1,22.495289
B,glp-1,1,22.620289
A,glp-1,1,22.657454
B,glp-1,1,22.678287
A,glp-1,1,22.76162
B,glp-1,1,22.782512
A,glp-1,1,22.886678
B,glp-1,1,22.974456
A,glp-1,1,23.053345
B,glp-1,1,23.143808
A,glp-1,1,23.157454
B,glp-1,1,23.157454
A,glp-1,1,23.282512
B,glp-1,1,23.303345
A,glp-1,1,23.303345
B,glp-1,1,23.328623
A,glp-1,1,23.428287
B,glp-1,1,23.453623
A,glp-1,1,23.470012
B,glp-1,1,23.490787
A,glp-1,1,23.532512
B,glp-1,1,23.615845
A,glp-1,1,23.620289
B,glp-1,1,23.657454
A,glp-1,1,23.678287
B,glp-1,1,23.828623
A,glp-1,1,23.907454
B,glp-1,1,24.01162
A,glp-1,1,24.036956
B,glp-1,1,24.060475
A,glp-1,1,24.078623
B,glp-1,1,24.120289
A,glp-1,1,24.227141
B,glp-1,1,24.245289
A,glp-1,1,24.247975
B,glp-1,1,24.26162
A,glp-1,1,24.26162
B,glp-1,1,24.32412
A,glp-1,1,24.365845
B,glp-1,1,24.495289
A,glp-1,1,24.536956
B,glp-1,1,24.57412
A,glp-1,1,24.57412
B,glp-1,1,24.594954
A,glp-1,1,24.720012
B,glp-1,1,24.782512
A,glp-1,1,24.786956
B,glp-1,1,24.786956
A,glp-1,1,24.82412
B,glp-1,1,24.844954
A,glp-1,1,24.870289
B,glp-1,1,25.01162
A,glp-1,1,25.032512
B,glp-1,1,25.036956
A,glp-1,1,25.057789
B,glp-1,1,25.157454
A,glp-1,1,25.268808
B,glp-1,1,25.282512
A,glp-1,1,25.32412
B,glp-1,1,25.328623
A,glp-1,1,25.386678
B,glp-1,1,25.428287
A,glp-1,1,25.539641
B,glp-1,1,25.539641
A,glp-1,1,25.578623
B,glp-1,1,25.615845
A,glp-1,1,25.852141
B,glp-1,1,25.852141
A,glp-1,1,26.032512
B,glp-1,1,26.115787
A,glp-1,1,26.203623
B,glp-1,1,26.220012
A,glp-1,1,26.247975
B,glp-1,1,26.26162
A,glp-1,1,26.32412
B,glp-1,1,26.344954
A,glp-1,1,26.411956
B,glp-1,1,26.51162
A,glp-1,1,26.557789
B,glp-1,1,26.578623
A,glp-1,1,26.636678
B,glp-1,1,26.643808
A,glp-1,1,26.657454
B,glp-1,1,26.657454
A,glp-1,1,26.678287
B,glp-1,1,26.678287
A,glp-1,1,26.678287
B,glp-1,1,26.69912
A,glp-1,1,26.699178
B,glp-1,1,26.699178
A,glp-1,1,26.699178
B,glp-1,1,26.76162
A,glp-1,1,26.786956
B,glp-1,1,26.824178
A,glp-1,1,26.844954
B,glp-1,1,26.844954
A,glp-1,1,26.865845
B,glp-1,1,26.870289
A,glp-1,1,26.886678
B,glp-1,1,26.893808
A,glp-1,1,26.907454
B,glp-1,1,26.907512
A,glp-1,1,27.07412
B,glp-1,1,27.115845
A,glp-1,1,27.122975
B,glp-1,1,27.161956
A,glp-1,1,27.199178
B,glp-1,1,27.26162
A,glp-1,1,27.352141
B,glp-1,1,27.449178
A,glp-1,1,27.518808
B,glp-1,1,27.578623
A,glp-1,1,27.678287
B,glp-1,1,27.703623
A,glp-1,1,27.703623
B,glp-1,1,27.727141
A,glp-1,1,27.782512
B,glp-1,1,27.844954
A,glp-1,1,27.870289
B,glp-1,1,27.893808
A,glp-1,1,27.928287
B,glp-1,1,28.032454
A,glp-1,1,28.032512
B,glp-1,1,28.078623
A,glp-1,1,28.120289
B,glp-1,1,28.136678
A,glp-1,1,28.19912
B,glp-1,1,28.245289
A,glp-1,1,28.282454
B,glp-1,1,28.365845
A,glp-1,1,28.370289
B,glp-1,1,28.407454
A,glp-1,1,28.414641
B,glp-1,1,28.453623
A,glp-1,1,28.470012
B,glp-1,1,28.470012
A,glp-1,1,28.470012
B,glp-1,1,28.578623
A,glp-1,1,28.657454
B,glp-1,1,28.703623
A,glp-1,1,28.727141
B,glp-1,1,28.745289
A,glp-1,1,28.76162
B,glp-1,1,28.76162
A,glp-1,1,28.76162
B,glp-1,1,28.870289
A,glp-1,1,28.886678
B,glp-1,1,28.911956
A,glp-1,1,28.914641
B,glp-1,1,28.928287
A,glp-1,1,28.928287
B,glp-1,1,28.953623
A,glp-1,1,28.990787
B,glp-1,1,29.01162
A,glp-1,1,29.01162
B,glp-1,1,29.01162
A,glp-1,1,29.032454
B,glp-1,1,29.032512
A,glp-1,1,29.164641
B,glp-1,1,29.26162
A,glp-1,1,29.268808
B,glp-1,1,29.282454
A,glp-1,1,29.282454
B,glp-1,1,29.282454
A,glp-1,1,29.365845
B,glp-1,1,29.370289
A,glp-1,1,29.372975
B,glp-1,1,29.407454
A,glp-1,1,29.411956
B,glp-1,1,29.414641
A,glp-1,1,29.428287
B,glp-1,1,29.428287
A,glp-1,1,29.435475
B,glp-1,1,29.453623
A,glp-1,1,29.470012
B,glp-1,1,29.490787
A,glp-1,1,29.51162
B,glp-1,1,29.51162
A,glp-1,1,29.536956
B,glp-1,1,29.578623
A,glp-1,1,29.578623
B,glp-1,1,29.678287
A,glp-1,1,29.703623
B,glp-1,1,29.720012
A,glp-1,1,29.745289
B,glp-1,1,29.782454
A,glp-1,1,29.786956
B,glp-1,1,29.828623
A,glp-1,1,29.831308
B,glp-1,1,29.893808
A,glp-1,1,29.928287
B,glp-1,1,29.935475
A,glp-1,1,29.953623
B,glp-1,1,29.956308
A,glp-1,1,29.974456
B,glp-1,1,29.990787
A,glp-1,1,30.032454
B,glp-1,1,30.036956
A,glp-1,1,30.081308
B,glp-1,1,30.115787
A,glp-1,1,30.136678
B,glp-1,1,30.136678
A,glp-1,1,30.178287
B,glp-1,1,30.227141
A,glp-1,1,30.240787
B,glp-1,1,30.245289
A,glp-1,1,30.26162
B,glp-1,1,30.26162
A,glp-1,1,30.282454
B,glp-1,1,30.282512
A,glp-1,1,30.324178
B,glp-1,1,30.331308
A,glp-1,1,30.352141
B,glp-1,1,30.44912
A,glp-1,1,30.532454
B,glp-1,1,30.594954
A,glp-1,1,30.615787
B,glp-1,1,30.703623
A,glp-1,1,30.720012
B,glp-1,1,30.76162
A,glp-1,1,30.782454
B,glp-1,1,30.82412
A,glp-1,1,30.870289
B,glp-1,1,30.928287
A,glp-1,1,30.953623
B,glp-1,1,30.953623
A,glp-1,1,31.032454
B,glp-1,1,31.032512
A,glp-1,1,31.039641
B,glp-1,1,31.07412
A,glp-1,1,31.094954
B,glp-1,1,31.102141
A,glp-1,1,31.115845
B,glp-1,1,31.136678
A,glp-1,1,31.141123
B,glp-1,1,31.224456
A,glp-1,1,31.245289
B,glp-1,1,31.282512
A,glp-1,1,31.32412
B,glp-1,1,31.32412
A,glp-1,1,31.328623
B,glp-1,1,31.344954
A,glp-1,1,31.344954
B,glp-1,1,31.391123
A,glp-1,1,31.391123
B,glp-1,1,31.411956
A,glp-1,1,31.453623
B,glp-1,1,31.453623
A,glp-1,1,31.453623
B,glp-1,1,31.470012
A,glp-1,1,31.470012
B,glp-1,1,31.477141
A,glp-1,1,31.490787
B,glp-1,1,31.497975
A,glp-1,1,31.536956
B,glp-1,1,31.557789
A,glp-1,1,31.615787
B,glp-1,1,31.622975
A,glp-1,1,31.664641
B,glp-1,1,31.720012
A,glp-1,1,31.727141
B,glp-1,1,31.745289
A,glp-1,1,31.831308
B,glp-1,1,31.852141
A,glp-1,1,31.852141
B,glp-1,1,31.865787
A,glp-1,1,31.891123
B,glp-1,1,31.891123
A,glp-1,1,31.935475
B,glp-1,1,31.94912
A,glp-1,1,31.94912
B,glp-1,1,31.953623
A,glp-1,1,31.990787
B,glp-1,1,32.01162
A,glp-1,1,32.01162
B,glp-1,1,32.036956
A,glp-1,1,32.053345
B,glp-1,1,32.074178
A,glp-1,1,32.178287
B,glp-1,1,32.185475
A,glp-1,1,32.19912
B,glp-1,1,32.203623
A,glp-1,1,32.240845
B,glp-1,1,32.268808
A,glp-1,1,32.303345
B,glp-1,1,32.344954
A,glp-1,1,32.352141
B,glp-1,1,32.386678
A,glp-1,1,32.391123
B,glp-1,1,32.411956
A,glp-1,1,32.44912
B,glp-1,1,32.470012
A,glp-1,1,32.470012
B,glp-1,1,32.532454
A,glp-1,1,32.574178
B,glp-1,1,32.581308
A,glp-1,1,32.594954
B,glp-1,1,32.641123
A,glp-1,1,32.661956
B,glp-1,1,32.678287
A,glp-1,1,32.678287
B,glp-1,1,32.724456
A,glp-1,1,32.724456
B,glp-1,1,32.745289
A,glp-1,1,32.76162
B,glp-1,1,32.782454
A,glp-1,1,32.82412
B,glp-1,1,32.844954
A,glp-1,1,32.844954
B,glp-1,1,32.865787
A,glp-1,1,32.870289
B,glp-1,1,32.886678
A,glp-1,1,32.891123
B,glp-1,1,32.891123
A,glp-1,1,32.891123
B,glp-1,1,32.953623
A,glp-1,1,32.970012
B,glp-1,1,32.990787
A,glp-1,1,32.997975
B,glp-1,1,33.01162
A,glp-1,1,33.01162
B,glp-1,1,33.094954
A,glp-1,1,33.102141
B,glp-1,1,33.178287
A,glp-1,1,33.19912
B,glp-1,1,33.220012
A,glp-1,1,33.26162
B,glp-1,1,33.307789
A,glp-1,1,33.344954
B,glp-1,1,33.352141
A,glp-1,1,33.365787
B,glp-1,1,33.372975
A,glp-1,1,33.386678
B,glp-1,1,33.411956
A,glp-1,1,33.414641
B,glp-1,1,33.449178
A,glp-1,1,33.449178
B,glp-1,1,33.470012
A,glp-1,1,33.490787
B,glp-1,1,33.495289
A,glp-1,1,33.495289
B,glp-1,1,33.495289
A,glp-1,1,33.532454
B,glp-1,1,33.574178
A,glp-1,1,33.594954
B,glp-1,1,33.622975
A,glp-1,1,33.678287
B,glp-1,1,33.69912
A,glp-1,1,33.720012
B,glp-1,1,33.724456
A,glp-1,1,33.724456
B,glp-1,1,33.740787
A,glp-1,1,33.745289
B,glp-1,1,33.782454
A,glp-1,1,33.807789
B,glp-1,1,33.865845
A,glp-1,1,33.886678
B,glp-1,1,33.886678
A,glp-1,1,33.886678
B,glp-1,1,33.891123
A,glp-1,1,33.907512
B,glp-1,1,33.928287
A,glp-1,1,33.935475
B,glp-1,1,33.935475
A,glp-1,1,33.94912
B,glp-1,1,33.953623
A,glp-1,1,33.974456
B,glp-1,1,33.995289
A,glp-1,1,34.01162
B,glp-1,1,34.032454
A,glp-1,1,34.032512
B,glp-1,1,34.032512
A,glp-1,1,34.053345
B,glp-1,1,34.053345
A,glp-1,1,34.060475
B,glp-1,1,34.074178
A,glp-1,1,34.078623
B,glp-1,1,34.102141
A,glp-1,1,34.157512
B,glp-1,1,34.178287
A,glp-1,1,34.178287
B,glp-1,1,34.19912
A,glp-1,1,34.203623
B,glp-1,1,34.245289
A,glp-1,1,34.245289
B,glp-1,1,34.268808
A,glp-1,1,34.282454
B,glp-1,1,34.328623
A,glp-1,1,34.331308
B,glp-1,1,34.344954
A,glp-1,1,34.352141
B,glp-1,1,34.365787
A,glp-1,1,34.370289
B,glp-1,1,34.391123
A,glp-1,1,34.407454
B,glp-1,1,34.407512
A,glp-1,1,34.411956
B,glp-1,1,34.414641
A,glp-1,1,34.414641
B,glp-1,1,34.435475
A,glp-1,1,34.449178
B,glp-1,1,34.453623
A,glp-1,1,34.474456
B,glp-1,1,34.490845
A,glp-1,1,34.497975
B,glp-1,1,34.497975
A,glp-1,1,34.51162
B,glp-1,1,34.574178
A,glp-1,1,34.574178
B,glp-1,1,34.581308
A,glp-1,1,34.594954
B,glp-1,1,34.622975
A,glp-1,1,34.636678
B,glp-1,1,34.661956
A,glp-1,1,34.678287
B,glp-1,1,34.685475
A,glp-1,1,34.685475
B,glp-1,1,34.703623
A,glp-1,1,34.706308
B,glp-1,1,34.724456
A,glp-1,1,34.740845
B,glp-1,1,34.76162
A,glp-1,1,34.828623
B,glp-1,1,34.831308
A,glp-1,1,34.844954
B,glp-1,1,34.865787
A,glp-1,1,34.865787
B,glp-1,1,34.886678
A,glp-1,1,34.891123
B,glp-1,1,34.891123
A,glp-1,1,34.891123
B,glp-1,1,34.914641
A,glp-1,1,34.928287
B,glp-1,1,34.970012
A,glp-1,1,34.995289
B,glp-1,1,34.997975
A,glp-1,1,35.07412
B,glp-1,1,35.074178
A,glp-1,1,35.078623
B,glp-1,1,35.081308
A,glp-1,1,35.094954
B,glp-1,1,35.102141
A,glp-1,1,35.122975
B,glp-1,1,35.157512
A,glp-1,1,35.161956
B,glp-1,1,35.164641
A,glp-1,1,35.206308
B,glp-1,1,35.206308
A,glp-1,1,35.220012
B,glp-1,1,35.227141
A,glp-1,1,35.268808
B,glp-1,1,35.268808
A,glp-1,1,35.268808
B,glp-1,1,35.328623
A,glp-1,1,35.352141
B,glp-1,1,35.391123
A,glp-1,1,35.411956
B,glp-1,1,35.411956
A,glp-1,1,35.44912
B,glp-1,1,35.44912
A,glp-1,1,35.449178
B,glp-1,1,35.490845
A,glp-1,1,35.497975
B,glp-1,1,35.51162
A,glp-1,1,35.518808
B,glp-1,1,35.518808
A,glp-1,1,35.518808
B,glp-1,1,35.574178
A,glp-1,1,35.578623
B,glp-1,1,35.594954
A,glp-1,1,35.602141
B,glp-1,1,35.69912
A,glp-1,1,35.724456
B,glp-1,1,35.740845
A,glp-1,1,35.745289
B,glp-1,1,35.789641
A,glp-1,1,35.844954
B,glp-1,1,35.886678
A,glp-1,1,35.891123
B,glp-1,1,35.911956
A,glp-1,1,35.935475
B,glp-1,1,36.01162
A,glp-1,1,36.053345
B,glp-1,1,36.053345
A,glp-1,1,36.07412
B,glp-1,1,36.078623
A,glp-1,1,36.081308
B,glp-1,1,36.094954
A,glp-1,1,36.094954
B,glp-1,1,36.102141
A,glp-1,1,36.136678
B,glp-1,1,36.161956
A,glp-1,1,36.178287
B,glp-1,1,36.245289
A,glp-1,1,36.245289
B,glp-1,1,36.247975
A,glp-1,1,36.286956
B,glp-1,1,36.328623
A,glp-1,1,36.331308
B,glp-1,1,36.386678
A,glp-1,1,36.386678
B,glp-1,1,36.391123
A,glp-1,1,36.411956
B,glp-1,1,36.414641
A,glp-1,1,36.435475
B,glp-1,1,36.435475
A,glp-1,1,36.470012
B,glp-1,1,36.536956
A,glp-1,1,36.553345
B,glp-1,1,36.57412
A,glp-1,1,36.620289
B,glp-1,1,36.661956
A,glp-1,1,36.69912
B,glp-1,1,36.803345
A,glp-1,1,36.844954
B,glp-1,1,36.907454
A,glp-1,1,36.907512
B,glp-1,1,36.911956
A,glp-1,1,36.911956
B,glp-1,1,36.914641
A,glp-1,1,36.974456
B,glp-1,1,36.990845
A,glp-1,1,36.997975
B,glp-1,1,37.01162
A,glp-1,1,37.018808
B,glp-1,1,37.018808
A,glp-1,1,37.018808
B,glp-1,1,37.143808
A,glp-1,1,37.178287
B,glp-1,1,37.282512
A,glp-1,1,37.310475
B,glp-1,1,37.344954
A,glp-1,1,37.365845
B,glp-1,1,37.372975
A,glp-1,1,37.428287
B,glp-1,1,38.185475
A,glp-1,1,38.185475
B,glp-1,1,38.203623
A,glp-1,1,38.206308
B,glp-1,1,38.224456
A,glp-1,1,38.240845
B,glp-1,1,38.26162
A,glp-1,1,38.328623
B,glp-1,1,38.331308
A,glp-1,1,38.344954
B,glp-1,1,38.365787
A,glp-1,1,38.365787
B,glp-1,1,38.386678
A,glp-1,1,38.391123
B,glp-1,1,38.391123
A,glp-1,1,38.391123
B,glp-1,1,38.414641
A,glp-1,1,38.428287
B,glp-1,1,38.470012
A,glp-1,1,38.495289
B,glp-1,1,38.497975
A,glp-1,1,38.560475
B,glp-1,1,38.57412
A,glp-1,1,38.574178
B,glp-1,1,38.574178
A,glp-1,1,38.578623
B,glp-1,1,38.581308
A,glp-1,1,38.594954
B,glp-1,1,38.602141
A,glp-1,1,38.622975
B,glp-1,1,38.657512
A,glp-1,1,38.661956
B,glp-1,1,38.664641
A,glp-1,1,38.706308
B,glp-1,1,38.706308
A,glp-1,1,38.720012
B,glp-1,1,38.727141
A,glp-1,1,38.768808
B,glp-1,1,38.768808
A,glp-1,1,38.768808
B,glp-1,1,38.828623
A,glp-1,1,38.852141
B,glp-1,1,38.891123
A,glp-1,1,38.911956
B,glp-1,1,38.911956
A,glp-1,1,38.94912
B,glp-1,1,38.94912
A,glp-1,1,38.949178
B,glp-1,1,38.990845
A,glp-1,1,38.997975
B,glp-1,1,39.01162
A,glp-1,1,39.018808
B,glp-1,1,39.018808
A,glp-1,1,39.018808
B,glp-1,1,39.074178
A,glp-1,1,39.078623
B,glp-1,1,39.094954
A,glp-1,1,39.102141
B,glp-1,1,39.19912
A,glp-1,1,39.224456
B,glp-1,1,39.240845
A,glp-1,1,39.245289
B,glp-1,1,39.289641
A,glp-1,1,39.344954
B,glp-1,1,39.386678
A,glp-1,1,39.391123
B,glp-1,1,39.411956
A,glp-1,1,39.432789
B,glp-1,1,39.435475
A,glp-1,1,39.435475
B,glp-1,1,39.435475
A,glp-1,1,39.497975
B,glp-1,1,39.497975
A,glp-1,1,39.51162
B,glp-1,1,39.657454
A,glp-1,1,39.657512
B,glp-1,1,39.657512
A,glp-1,1,39.657512
B,glp-1,1,39.657512
A,glp-1,1,39.657512
B,glp-1,1,39.657512
A,glp-1,1,39.661956
B,glp-1,1,39.661956
A,glp-1,1,39.661956
B,glp-1,1,39.661956
A,glp-1,1,39.661956
B,glp-1,1,39.661956
A,glp-1,1,39.664641
B,glp-1,1,39.664641
A,glp-1,1,39.664641
B,glp-1,1,39.678287
A,glp-1,1,39.678287
B,glp-1,1,39.678287
A,glp-1,1,39.685475
B,glp-1,1,39.685475
A,glp-1,1,39.685475
B,glp-1,1,39.685475
A,glp-1,1,39.720012
B,glp-1,1,39.720012
A,glp-1,1,39.724456
B,glp-1,1,39.747975
A,glp-1,1,39.747975
B,glp-1,1,39.782454
A,glp-1,1,39.782454
B,glp-1,1,39.782454
A,glp-1,1,39.782454
B,glp-1,1,39.782454
A,glp-1,1,39.782512
B,glp-1,1,39.782512
A,glp-1,1,39.782512
B,glp-1,1,39.782512
A,glp-1,1,39.782512
B,glp-1,1,39.782512
A,glp-1,1,39.786956
B,glp-1,1,39.803345
A,glp-1,1,39.803345
B,glp-1,1,39.828623
A,glp-1,1,39.865787
B,glp-1,1,39.870289
A,glp-1,1,39.911956
B,glp-1,1,39.911956
A,glp-1,1,39.990845
B,glp-1,1,39.995289
A,glp-1,1,39.995289
B,glp-1,1,40.01162
A,glp-1,1,40.018808
B,glp-1,1,40.078623
A,glp-1,1,40.115787
B,glp-1,1,40.120289
A,glp-1,1,40.120289
B,glp-1,1,40.120289
A,glp-1,1,40.122975
B,glp-1,1,40.157512
A,glp-1,1,40.161956
B,glp-1,1,40.19912
A,glp-1,1,40.245289
B,glp-1,1,40.26162
A,glp-1,1,40.286956
B,glp-1,1,40.289641
A,glp-1,1,40.328623
B,glp-1,1,40.331308
A,glp-1,1,40.344954
B,glp-1,1,40.344954
A,glp-1,1,40.435475
B,glp-1,1,40.449178
A,glp-1,1,40.453623
B,glp-1,1,40.51162
A,glp-1,1,40.539641
B,glp-1,1,40.557789
A,glp-1,1,40.578623
B,glp-1,1,40.594954
A,glp-1,1,40.622975
B,glp-1,1,40.622975
A,glp-1,1,40.641123
B,glp-1,1,40.657512
A,glp-1,1,40.69912
B,glp-1,1,40.699178
A,glp-1,1,40.724456
B,glp-1,1,40.727141
A,glp-1,1,40.740845
B,glp-1,1,40.740845
A,glp-1,1,40.747975
B,glp-1,1,40.786956
A,glp-1,1,40.786956
B,glp-1,1,40.810475
A,glp-1,1,40.824178
B,glp-1,1,40.828623
A,glp-1,1,40.828623
B,glp-1,1,40.870289
A,glp-1,1,40.953623
B,glp-1,1,41.018808
A,glp-1,1,41.060475
B,glp-1,1,41.078623
A,glp-1,1,41.120289
B,glp-1,1,41.120289
A,glp-1,1,41.120289
B,glp-1,1,41.143808
A,glp-1,1,41.143808
B,glp-1,1,41.178287
A,glp-1,1,41.199178
B,glp-1,1,41.203623
A,glp-1,1,41.245289
B,glp-1,1,41.282454
A,glp-1,1,41.289641
B,glp-1,1,41.324178
A,glp-1,1,41.344954
B,glp-1,1,41.365787
A,glp-1,1,41.370289
B,glp-1,1,41.44912
A,glp-1,1,41.470012
B,glp-1,1,41.495289
A,glp-1,1,41.495289
B,glp-1,1,41.536956
A,glp-1,1,41.844954
B,glp-1,1,41.844954
A,glp-1,1,41.865787
B,glp-1,1,41.977141
A,glp-1,1,42.018808
B,glp-1,1,42.060475
A,glp-1,1,42.120289
B,glp-1,1,42.157512
A,glp-1,1,42.178287
B,glp-1,1,42.240845
A,glp-1,1,42.370289
B,glp-1,1,42.370289
A,glp-1,1,42.407512
B,glp-1,1,42.560475
A,glp-1,1,42.661956
B,glp-1,1,42.664641
A,glp-1,1,42.685475
B,glp-1,1,42.810475
A,glp-1,1,42.852141
B,glp-1,1,43.036956
A,glp-1,1,43.036956
B,glp-1,1,43.039641
A,glp-1,1,43.094954
B,glp-1,1,43.115787
A,glp-1,1,43.206308
B,glp-1,1,43.286956
A,glp-1,1,43.328623
B,glp-1,1,43.411956
A,glp-1,1,43.470012
B,glp-1,1,43.490787
A,glp-1,1,43.518808
B,glp-1,1,43.574178
A,glp-1,1,43.615787
B,glp-1,1,43.661956
A,glp-1,1,43.782512
B,glp-1,1,44.039641
A,glp-1,1,44.094954
B,glp-1,1,44.120289
A,glp-1,1,44.245289
B,glp-1,1,44.344954
A,glp-1,1,44.470012
B,glp-1,1,44.578623
A,glp-1,1,44.678287
B,glp-1,1,44.69912
A,glp-1,1,44.747975
B,glp-1,1,44.76162
A,glp-1,1,44.844954
B,glp-1,1,44.911956
A,glp-1,1,44.953623
B,glp-1,1,45.240845
A,glp-1,1,45.286956
B,glp-1,1,45.51162
A,glp-1,1,45.518808
B,glp-1,1,45.532454
A,glp-1,1,45.574178
B,glp-1,1,45.82412
A,glp-1,1,45.893808
B,glp-1,1,45.995289
A,glp-1,1,46.094954
B,glp-1,1,46.206308
A,glp-1,1,46.953623
B,glp-1,1,47.01162
A,glp-1,1,47.115845
B,glp-1,1,47.245289
A,glp-1,1,47.386678
B,glp-1,1,47.414641
A,glp-1,1,47.643808
B,glp-1,1,47.685475
A,glp-1,1,47.831308
B,glp-1,1,48.120289
A,glp-1,1,48.303345
B,glp-1,1,49.26162
A,glp-1,1,49.740845
B,glp-1,1,49.786956
A,glp-1,1,50.477141
B,glp-1,1,50.536956
A,glp-1,1,51.178287
B,glp-1,1,51.203623
A,glp-1,1,53.060475
B,glp-1,1,53.393808
A,glp-1,1,54.810475
B,glp-1,1,55.828623
A,glp-1,1,56.636678
B,glp-1,1,58.178287
A,glp-1,1,58.594954
B,N2,1,9.852141
A,N2,1,9.956308
B,N2,1,10.289641
A,N2,1,10.518808
B,N2,1,10.574178
A,N2,1,10.622975
B,N2,1,10.768808
A,N2,1,10.810475
B,N2,1,10.810475
A,N2,1,10.824178
B,N2,1,11.016123
A,N2,1,11.053345
B,N2,1,11.057789
A,N2,1,11.060475
B,N2,1,11.099456
A,N2,1,11.141123
B,N2,1,11.227141
A,N2,1,11.227141
B,N2,1,11.240845
A,N2,1,11.268808
B,N2,1,11.268808
A,N2,1,11.289641
B,N2,1,11.307789
A,N2,1,11.490845
B,N2,1,11.490845
A,N2,1,11.518808
B,N2,1,11.553345
A,N2,1,11.553345
B,N2,1,11.615845
A,N2,1,11.641123
B,N2,1,11.643808
A,N2,1,11.682789
B,N2,1,11.706308
A,N2,1,11.720012
B,N2,1,11.849456
A,N2,1,11.849456
B,N2,1,11.865845
A,N2,1,11.907512
B,N2,1,12.018808
A,N2,1,12.053345
B,N2,1,12.057789
A,N2,1,12.102141
B,N2,1,12.141123
A,N2,1,12.199178
B,N2,1,12.199178
A,N2,1,12.240845
B,N2,1,12.310475
A,N2,1,12.539641
B,N2,1,12.602141
A,N2,1,12.720012
B,N2,1,12.727141
A,N2,1,12.727141
B,N2,1,12.766123
A,N2,1,12.768808
B,N2,1,12.782512
A,N2,1,12.810475
B,N2,1,12.852141
A,N2,1,13.018808
B,N2,1,13.102141
A,N2,1,13.220012
B,N2,1,13.268808
A,N2,1,13.307789
B,N2,1,13.391123
A,N2,1,13.393808
B,N2,1,13.474456
A,N2,1,13.641123
B,N2,1,13.766123
A,N2,1,13.852141
B,N2,1,13.970012
A,N2,1,14.018808
B,N2,1,14.122975
A,N2,1,14.185475
B,N2,1,14.206308
A,N2,1,14.240787
B,N2,1,14.240787
A,N2,1,14.303345
B,N2,1,14.365787
A,N2,1,14.365787
B,N2,1,14.365787
A,N2,1,14.365787
B,N2,1,14.365787
A,N2,1,14.365787
B,N2,1,14.602141
A,N2,1,14.69912
B,N2,1,14.69912
A,N2,1,14.803287
B,N2,1,14.810475
A,N2,1,14.852141
B,N2,1,14.852141
A,N2,1,14.865787
B,N2,1,14.865787
A,N2,1,14.865787
B,N2,1,14.88662
A,N2,1,14.974456
B,N2,1,15.053287
A,N2,1,15.185475
B,N2,1,15.303287
A,N2,1,15.365787
B,N2,1,15.38662
A,N2,1,15.44912
B,N2,1,15.449178
A,N2,1,15.456308
B,N2,1,15.532512
A,N2,1,15.63662
B,N2,1,15.657512
A,N2,1,15.699178
B,N2,1,15.727141
A,N2,1,15.852141
B,N2,1,15.949178
A,N2,1,15.956308
B,N2,1,15.970012
A,N2,1,16.016123
B,N2,1,16.060475
A,N2,1,16.060475
B,N2,1,16.074178
A,N2,1,16.115787
B,N2,1,16.199178
A,N2,1,16.206308
B,N2,1,16.266123
A,N2,1,16.266123
B,N2,1,16.289641
A,N2,1,16.307789
B,N2,1,16.307789
A,N2,1,16.307789
B,N2,1,16.307789
A,N2,1,16.307789
B,N2,1,16.307789
A,N2,1,16.307789
B,N2,1,16.307789
A,N2,1,16.307789
B,N2,1,16.307789
A,N2,1,16.307789
B,N2,1,16.307789
A,N2,1,16.307789
B,N2,1,16.307789
A,N2,1,16.307789
B,N2,1,16.307789
A,N2,1,16.349456
B,N2,1,16.365787
A,N2,1,16.38662
B,N2,1,16.469954
A,N2,1,16.490845
B,N2,1,16.516123
A,N2,1,16.516123
B,N2,1,16.560475
A,N2,1,16.560475
B,N2,1,16.602141
A,N2,1,16.615787
B,N2,1,16.63662
A,N2,1,16.685475
B,N2,1,16.719954
A,N2,1,16.719954
B,N2,1,16.766123
A,N2,1,16.766123
B,N2,1,16.766123
A,N2,1,16.852141
B,N2,1,16.872975
A,N2,1,16.88662
B,N2,1,16.893808
A,N2,1,16.94912
B,N2,1,16.969954
A,N2,1,16.974456
B,N2,1,17.018808
A,N2,1,17.032454
B,N2,1,17.053287
A,N2,1,17.099456
B,N2,1,17.143808
A,N2,1,17.266123
B,N2,1,17.282454
A,N2,1,17.282512
B,N2,1,17.352141
A,N2,1,17.386678
B,N2,1,17.432789
A,N2,1,17.435475
B,N2,1,17.44912
A,N2,1,17.599456
B,N2,1,17.63662
A,N2,1,17.719954
B,N2,1,17.720012
A,N2,1,17.724456
B,N2,1,17.724456
A,N2,1,17.768808
B,N2,1,17.824178
A,N2,1,17.852141
B,N2,1,18.016123
A,N2,1,18.016123
B,N2,1,18.016123
A,N2,1,18.039641
B,N2,1,18.053287
A,N2,1,18.053345
B,N2,1,18.053345
A,N2,1,18.099456
B,N2,1,18.102141
A,N2,1,18.13662
B,N2,1,18.13662
A,N2,1,18.141123
B,N2,1,18.178287
A,N2,1,18.178287
B,N2,1,18.178287
A,N2,1,18.178287
B,N2,1,18.178287
A,N2,1,18.178287
B,N2,1,18.240845
A,N2,1,18.268808
B,N2,1,18.282454
A,N2,1,18.307789
B,N2,1,18.310475
A,N2,1,18.352141
B,N2,1,18.38662
A,N2,1,18.44912
B,N2,1,18.477141
A,N2,1,18.518808
B,N2,1,18.539641
A,N2,1,18.553287
B,N2,1,18.553287
A,N2,1,18.553287
B,N2,1,18.602141
A,N2,1,18.622975
B,N2,1,18.719954
A,N2,1,18.727141
B,N2,1,18.768808
A,N2,1,18.807789
B,N2,1,18.88662
A,N2,1,18.88662
B,N2,1,18.88662
A,N2,1,18.935475
B,N2,1,18.94912
A,N2,1,19.053287
B,N2,1,19.053287
A,N2,1,19.102141
B,N2,1,19.102141
A,N2,1,19.102141
B,N2,1,19.19912
A,N2,1,19.219954
B,N2,1,19.38662
A,N2,1,19.469954
B,N2,1,19.474456
A,N2,1,19.474456
B,N2,1,19.532454
A,N2,1,19.532512
B,N2,1,19.532512
A,N2,1,19.539641
B,N2,1,19.553287
A,N2,1,19.553287
B,N2,1,19.553345
A,N2,1,19.615845
B,N2,1,19.63662
A,N2,1,19.63662
B,N2,1,19.641123
A,N2,1,19.641123
B,N2,1,19.641123
A,N2,1,19.678287
B,N2,1,19.69912
A,N2,1,19.719954
B,N2,1,19.766123
A,N2,1,19.766123
B,N2,1,19.768808
A,N2,1,19.768808
B,N2,1,19.782454
A,N2,1,19.782454
B,N2,1,19.824178
A,N2,1,19.849456
B,N2,1,19.88662
A,N2,1,19.88662
B,N2,1,19.928287
A,N2,1,19.94912
B,N2,1,19.969954
A,N2,1,19.969954
B,N2,1,19.969954
A,N2,1,19.995289
B,N2,1,19.995289
A,N2,1,19.995289
B,N2,1,19.995289
A,N2,1,19.995289
B,N2,1,19.995289
A,N2,1,19.995289
B,N2,1,19.995289
A,N2,1,19.995289
B,N2,1,19.995289
A,N2,1,20.032454
B,N2,1,20.032512
A,N2,1,20.032512
B,N2,1,20.115787
A,N2,1,20.13662
B,N2,1,20.203623
A,N2,1,20.203623
B,N2,1,20.370289
A,N2,1,20.370289
B,N2,1,20.393808
A,N2,1,20.449178
B,N2,1,20.470012
A,N2,1,20.470012
B,N2,1,20.474456
A,N2,1,20.57412
B,N2,1,20.57412
A,N2,1,20.57412
B,N2,1,20.57412
A,N2,1,20.57412
B,N2,1,20.602141
A,N2,1,20.63662
B,N2,1,20.63662
A,N2,1,20.63662
B,N2,1,20.643808
A,N2,1,20.657454
B,N2,1,20.685475
A,N2,1,20.699178
B,N2,1,20.706308
A,N2,1,20.803287
B,N2,1,20.852141
A,N2,1,20.870289
B,N2,1,20.932789
A,N2,1,20.969954
B,N2,1,20.969954
A,N2,1,20.990787
B,N2,1,20.990845
A,N2,1,21.018808
B,N2,1,21.036956
A,N2,1,21.036956
B,N2,1,21.039641
A,N2,1,21.060475
B,N2,1,21.141123
A,N2,1,21.143808
B,N2,1,21.157454
A,N2,1,21.219954
B,N2,1,21.220012
A,N2,1,21.240787
B,N2,1,21.303287
A,N2,1,21.303287
B,N2,1,21.303287
A,N2,1,21.352141
B,N2,1,21.365787
A,N2,1,21.372975
B,N2,1,21.407454
A,N2,1,21.518808
B,N2,1,21.532512
A,N2,1,21.57412
B,N2,1,21.63662
A,N2,1,21.63662
B,N2,1,21.636678
A,N2,1,21.69912
B,N2,1,21.719954
A,N2,1,21.719954
B,N2,1,21.789641
A,N2,1,21.810475
B,N2,1,21.810475
A,N2,1,21.82412
B,N2,1,21.88662
A,N2,1,21.893808
B,N2,1,21.969954
A,N2,1,21.970012
B,N2,1,22.016123
A,N2,1,22.039641
B,N2,1,22.039641
A,N2,1,22.060475
B,N2,1,22.07412
A,N2,1,22.102141
B,N2,1,22.115787
A,N2,1,22.141123
B,N2,1,22.157454
A,N2,1,22.220012
B,N2,1,22.220012
A,N2,1,22.224456
B,N2,1,22.32412
A,N2,1,22.38662
B,N2,1,22.435475
A,N2,1,22.469954
B,N2,1,22.553287
A,N2,1,22.599456
B,N2,1,22.63662
A,N2,1,22.63662
B,N2,1,22.643808
A,N2,1,22.657454
B,N2,1,22.724456
A,N2,1,22.803287
B,N2,1,22.810475
A,N2,1,22.852141
B,N2,1,22.891123
A,N2,1,22.935475
B,N2,1,22.94912
A,N2,1,22.949178
B,N2,1,22.974456
A,N2,1,22.990787
B,N2,1,23.018808
A,N2,1,23.018808
B,N2,1,23.099456
A,N2,1,23.120289
B,N2,1,23.120289
A,N2,1,23.143808
B,N2,1,23.203623
A,N2,1,23.203623
B,N2,1,23.203623
A,N2,1,23.219954
B,N2,1,23.240787
A,N2,1,23.240787
B,N2,1,23.282454
A,N2,1,23.286956
B,N2,1,23.286956
A,N2,1,23.407454
B,N2,1,23.435475
A,N2,1,23.469954
B,N2,1,23.469954
A,N2,1,23.516123
B,N2,1,23.553287
A,N2,1,23.602141
B,N2,1,23.615787
A,N2,1,23.685475
B,N2,1,23.706308
A,N2,1,23.720012
B,N2,1,23.727141
A,N2,1,23.740787
B,N2,1,23.740787
A,N2,1,23.786956
B,N2,1,23.849456
A,N2,1,23.886678
B,N2,1,23.907512
A,N2,1,24.053287
B,N2,1,24.053345
A,N2,1,24.057789
B,N2,1,24.057789
A,N2,1,24.099456
B,N2,1,24.115787
A,N2,1,24.115787
B,N2,1,24.219954
A,N2,1,24.219954
B,N2,1,24.240787
A,N2,1,24.240787
B,N2,1,24.240845
A,N2,1,24.268808
B,N2,1,24.282454
A,N2,1,24.286956
B,N2,1,24.310475
A,N2,1,24.38662
B,N2,1,24.44912
A,N2,1,24.469954
B,N2,1,24.470012
A,N2,1,24.490787
B,N2,1,24.553287
A,N2,1,24.57412
B,N2,1,24.620289
A,N2,1,24.622975
B,N2,1,24.657454
A,N2,1,24.685475
B,N2,1,24.727141
A,N2,1,24.810475
B,N2,1,24.824178
A,N2,1,24.852141
B,N2,1,24.907512
A,N2,1,24.94912
B,N2,1,25.036956
A,N2,1,25.115845
B,N2,1,25.13662
A,N2,1,25.141123
B,N2,1,25.199178
A,N2,1,25.219954
B,N2,1,25.227141
A,N2,1,25.227141
B,N2,1,25.268808
A,N2,1,25.303287
B,N2,1,25.352141
A,N2,1,25.352141
B,N2,1,25.365787
A,N2,1,25.365845
B,N2,1,25.365845
A,N2,1,25.372975
B,N2,1,25.372975
A,N2,1,25.38662
B,N2,1,25.38662
A,N2,1,25.386678
B,N2,1,25.393808
A,N2,1,25.407454
B,N2,1,25.63662
A,N2,1,25.657454
B,N2,1,25.699178
A,N2,1,25.720012
B,N2,1,25.727141
A,N2,1,25.782454
B,N2,1,25.849456
A,N2,1,25.935475
B,N2,1,25.94912
A,N2,1,25.974456
B,N2,1,26.018808
A,N2,1,26.07412
B,N2,1,26.115845
A,N2,1,26.13662
B,N2,1,26.143808
A,N2,1,26.240787
B,N2,1,26.303345
A,N2,1,26.365787
B,N2,1,26.365787
A,N2,1,26.386678
B,N2,1,26.407454
A,N2,1,26.432789
B,N2,1,26.449178
A,N2,1,26.449178
B,N2,1,26.477141
A,N2,1,26.490787
B,N2,1,26.490787
A,N2,1,26.495289
B,N2,1,26.495289
A,N2,1,26.495289
B,N2,1,26.495289
A,N2,1,26.495289
B,N2,1,26.516123
A,N2,1,26.557789
B,N2,1,26.560475
A,N2,1,26.63662
B,N2,1,26.643808
A,N2,1,26.766123
B,N2,1,26.782512
A,N2,1,26.786956
B,N2,1,26.803287
A,N2,1,26.803287
B,N2,1,26.807789
A,N2,1,26.849456
B,N2,1,26.865787
A,N2,1,26.865787
B,N2,1,26.88662
A,N2,1,26.907512
B,N2,1,26.94912
A,N2,1,26.953623
B,N2,1,26.970012
A,N2,1,26.977141
B,N2,1,27.018808
A,N2,1,27.032512
B,N2,1,27.053345
A,N2,1,27.060475
B,N2,1,27.099456
A,N2,1,27.115845
B,N2,1,27.120289
A,N2,1,27.120289
B,N2,1,27.13662
A,N2,1,27.19912
B,N2,1,27.199178
A,N2,1,27.203623
B,N2,1,27.365787
A,N2,1,27.38662
B,N2,1,27.38662
A,N2,1,27.407454
B,N2,1,27.407512
A,N2,1,27.456308
B,N2,1,27.490787
A,N2,1,27.553287
B,N2,1,27.553287
A,N2,1,27.641123
B,N2,1,27.703623
A,N2,1,27.703623
B,N2,1,27.719954
A,N2,1,27.740845
B,N2,1,27.766123
A,N2,1,27.786956
B,N2,1,27.870289
A,N2,1,27.88662
B,N2,1,27.932789
A,N2,1,27.935475
B,N2,1,27.969954
A,N2,1,27.970012
B,N2,1,28.032454
A,N2,1,28.039641
B,N2,1,28.122975
A,N2,1,28.13662
B,N2,1,28.13662
A,N2,1,28.185475
B,N2,1,28.199178
A,N2,1,28.219954
B,N2,1,28.286956
A,N2,1,28.365787
B,N2,1,28.386678
A,N2,1,28.453623
B,N2,1,28.469954
A,N2,1,28.532454
B,N2,1,28.553287
A,N2,1,28.553345
B,N2,1,28.57412
A,N2,1,28.57412
B,N2,1,28.620289
A,N2,1,28.622975
B,N2,1,28.63662
A,N2,1,28.685475
B,N2,1,28.740787
A,N2,1,28.768808
B,N2,1,28.803345
A,N2,1,28.88662
B,N2,1,28.907454
A,N2,1,28.932789
B,N2,1,28.969954
A,N2,1,28.990845
B,N2,1,29.016123
A,N2,1,29.032454
B,N2,1,29.032454
A,N2,1,29.036956
B,N2,1,29.036956
A,N2,1,29.060475
B,N2,1,29.199178
A,N2,1,29.206308
B,N2,1,29.266123
A,N2,1,29.303287
B,N2,1,29.32412
A,N2,1,29.407454
B,N2,1,29.518808
A,N2,1,29.536956
B,N2,1,29.574178
A,N2,1,29.599456
B,N2,1,29.615787
A,N2,1,29.615845
B,N2,1,29.620289
A,N2,1,29.622975
B,N2,1,29.63662
A,N2,1,29.63662
B,N2,1,29.682789
A,N2,1,29.682789
B,N2,1,29.69912
A,N2,1,29.719954
B,N2,1,29.740787
A,N2,1,29.782454
B,N2,1,29.786956
A,N2,1,29.810475
B,N2,1,29.82412
A,N2,1,29.824178
B,N2,1,29.849456
A,N2,1,29.953623
B,N2,1,29.953623
A,N2,1,29.969954
B,N2,1,30.016123
A,N2,1,30.057789
B,N2,1,30.057789
A,N2,1,30.136678
B,N2,1,30.143808
A,N2,1,30.143808
B,N2,1,30.185475
A,N2,1,30.185475
B,N2,1,30.203623
A,N2,1,30.268808
B,N2,1,30.307789
A,N2,1,30.365845
B,N2,1,30.38662
A,N2,1,30.435475
B,N2,1,30.435475
A,N2,1,30.44912
B,N2,1,30.477141
A,N2,1,30.532454
B,N2,1,30.532512
A,N2,1,30.536956
B,N2,1,30.553287
A,N2,1,30.557789
B,N2,1,30.574178
A,N2,1,30.599456
B,N2,1,30.620289
A,N2,1,30.641123
B,N2,1,30.657454
A,N2,1,30.657512
B,N2,1,30.685475
A,N2,1,30.685475
B,N2,1,30.69912
A,N2,1,30.803287
B,N2,1,30.82412
A,N2,1,30.865845
B,N2,1,30.88662
A,N2,1,30.88662
B,N2,1,30.907454
A,N2,1,30.953623
B,N2,1,30.969954
A,N2,1,31.053287
B,N2,1,31.060475
A,N2,1,31.115787
B,N2,1,31.115845
A,N2,1,31.219954
B,N2,1,31.286956
A,N2,1,31.286956
B,N2,1,31.303287
A,N2,1,31.303345
B,N2,1,31.365787
A,N2,1,31.391123
B,N2,1,31.407454
A,N2,1,31.435475
B,N2,1,31.469954
A,N2,1,31.553287
B,N2,1,31.553287
A,N2,1,31.553345
B,N2,1,31.620289
A,N2,1,31.622975
B,N2,1,31.63662
A,N2,1,31.699178
B,N2,1,31.720012
A,N2,1,31.782512
B,N2,1,31.786956
A,N2,1,31.82412
B,N2,1,31.852141
A,N2,1,31.891123
B,N2,1,31.969954
A,N2,1,31.969954
B,N2,1,31.977141
A,N2,1,32.032512
B,N2,1,32.039641
A,N2,1,32.053287
B,N2,1,32.060475
A,N2,1,32.115787
B,N2,1,32.115845
A,N2,1,32.115845
B,N2,1,32.141123
A,N2,1,32.143808
B,N2,1,32.143808
A,N2,1,32.182789
B,N2,1,32.240787
A,N2,1,32.240787
B,N2,1,32.32412
A,N2,1,32.365845
B,N2,1,32.365845
A,N2,1,32.38662
B,N2,1,32.386678
A,N2,1,32.393808
B,N2,1,32.407454
A,N2,1,32.407454
B,N2,1,32.432789
A,N2,1,32.44912
B,N2,1,32.449178
A,N2,1,32.574178
B,N2,1,32.602141
A,N2,1,32.63662
B,N2,1,32.636678
A,N2,1,32.766123
B,N2,1,32.782512
A,N2,1,32.803345
B,N2,1,32.870289
A,N2,1,32.953623
B,N2,1,32.956308
A,N2,1,32.969954
B,N2,1,32.974456
A,N2,1,33.032512
B,N2,1,33.099456
A,N2,1,33.102141
B,N2,1,33.115845
A,N2,1,33.136678
B,N2,1,33.136678
A,N2,1,33.182789
B,N2,1,33.182789
A,N2,1,33.185475
B,N2,1,33.203623
A,N2,1,33.220012
B,N2,1,33.224456
A,N2,1,33.282454
B,N2,1,33.286956
A,N2,1,33.303287
B,N2,1,33.303287
A,N2,1,33.303345
B,N2,1,33.307789
A,N2,1,33.352141
B,N2,1,33.365787
A,N2,1,33.365845
B,N2,1,33.370289
A,N2,1,33.407454
B,N2,1,33.407512
A,N2,1,33.432789
B,N2,1,33.453623
A,N2,1,33.469954
B,N2,1,33.516123
A,N2,1,33.516123
B,N2,1,33.516123
A,N2,1,33.518808
B,N2,1,33.532512
A,N2,1,33.622975
B,N2,1,33.63662
A,N2,1,33.63662
B,N2,1,33.63662
A,N2,1,33.643808
B,N2,1,33.657454
A,N2,1,33.657512
B,N2,1,33.682789
A,N2,1,33.685475
B,N2,1,33.685475
A,N2,1,33.703623
B,N2,1,33.706308
A,N2,1,33.720012
B,N2,1,33.766123
A,N2,1,33.768808
B,N2,1,33.807789
A,N2,1,33.849456
B,N2,1,33.865845
A,N2,1,33.870289
B,N2,1,33.870289
A,N2,1,33.872975
B,N2,1,33.88662
A,N2,1,33.88662
B,N2,1,33.886678
A,N2,1,33.886678
B,N2,1,33.907454
A,N2,1,33.932789
B,N2,1,33.932789
A,N2,1,33.94912
B,N2,1,33.94912
A,N2,1,33.949178
B,N2,1,34.032454
A,N2,1,34.07412
B,N2,1,34.099456
A,N2,1,34.099456
B,N2,1,34.115787
A,N2,1,34.115787
B,N2,1,33.757454
A,N2,1,33.957512
B,N2,1,34.182789
A,N2,1,34.385475
B,N2,1,34.585475
A,N2,1,34.803623
B,N2,1,35.006308
A,N2,0,35.220012
B,N2,0,35.466123
A,N2,1,35.668808
B,N2,1,35.907789
A,N2,0,36.149456
B,N2,0,36.770289
A,N2,1,36.972975
B,N2,1,37.18662
A,N2,1,37.38662
B,N2,0,37.586678
A,N2,0,38.432789
B,N2,1,38.64912
A,N2,1,39
B,N2,1,39.799456
A,N2,1,39.999456
B,N2,1,43
A,N2,1,44